<?xml version="1.0" encoding="utf-8"?>
<gpx xmlns:xsi="http://www.w3.org/2001/XMLSchema-instance" xmlns:xsd="http://www.w3.org/2001/XMLSchema" version="1.0" xsi:schemaLocation="http://www.topografix.com/GPX/1/0 http://www.topografix.com/GPX/1/0/gpx.xsd http://www.groundspeak.com/cache/1/0/1 http://www.groundspeak.com/cache/1/0/1/cache.xsd" creator="Groundspeak Pocket Query" xmlns="http://www.topografix.com/GPX/1/0">
  <name>$nebraska_events</name>
  <desc>Geocache file generated by Groundspeak</desc>
  <author>Groundspeak</author>
  <email>contact@geocaching.com</email>
  <time>2026-09-21T07:25:34.7693689Z</time>
  <keywords>cache, geocache, groundspeak</keywords>
  <bounds minlat="40.596167" minlon="-102.952167" maxlat="42.5595" maxlon="-95.966933" />
  <wpt lat="42.032846" lon="-97.474675">
    <time>2027-04-17T09:00:00</time>
    <name>GCBM67E</name>
    <desc>MOGA 2027 by MOGA2027, Mega-Event Cache (1.0/1.0)</desc>
    <url>https://coord.info/GCBM67E</url>
    <urlname>MOGA 2027</urlname>
    <sym>Geocache</sym>
    <type>Geocache|Mega-Event Cache</type>
    <groundspeak:cache id="10349428" archived="False" available="True" xmlns:groundspeak="http://www.groundspeak.com/cache/1/0/1">
      <groundspeak:name>MOGA 2027</groundspeak:name>
      <groundspeak:placed_by>MOGA2027</groundspeak:placed_by>
      <groundspeak:owner id="54849623">MOGA2027</groundspeak:owner>
      <groundspeak:type>Mega-Event Cache</groundspeak:type>
      <groundspeak:container>Other</groundspeak:container>
      <groundspeak:attributes>
        <groundspeak:attribute id="24" inc="1">Wheelchair accessible</groundspeak:attribute>
        <groundspeak:attribute id="6" inc="1">Recommended for kids</groundspeak:attribute>
        <groundspeak:attribute id="41" inc="1">Stroller accessible</groundspeak:attribute>
        <groundspeak:attribute id="25" inc="1">Parking nearby</groundspeak:attribute>
        <groundspeak:attribute id="2" inc="1">Access/parking fee</groundspeak:attribute>
      </groundspeak:attributes>
      <groundspeak:difficulty>1.0</groundspeak:difficulty>
      <groundspeak:terrain>1.0</groundspeak:terrain>
      <groundspeak:country>United States</groundspeak:country>
      <groundspeak:state>Nebraska</groundspeak:state>
      <groundspeak:short_description html="True">&lt;b&gt;17 April 2027, 09:00 - 16:00&lt;/b&gt;</groundspeak:short_description>
      <groundspeak:long_description html="True">&lt;p&gt;&lt;span style="font-size:16px;"&gt;&lt;strong&gt;MOGA 2027 – Midwest Open Geocaching Adventure&lt;/strong&gt;&lt;/span&gt;&lt;/p&gt;

&lt;p&gt;Get ready for a full day of geocaching fun, friendly competition, and community at &lt;strong&gt;MOGA 2027!&lt;/strong&gt; Whether you&amp;#39;re a seasoned cacher or just getting started, this event offers something for everyone.&lt;/p&gt;

&lt;p&gt;&lt;strong&gt;📅 Date:&lt;/strong&gt; April 17, 2027&lt;br /&gt;
&lt;strong&gt;📍 Location:&lt;/strong&gt; Norfolk, Nebrsaka&lt;br /&gt;
&lt;strong&gt;🕘 Main Event Hours:&lt;/strong&gt; 9:00 AM – 4:00 PM&lt;br /&gt;
&lt;strong&gt;🏆 Awards Ceremony:&lt;/strong&gt; 7:00 PM – 8:30 PM&lt;/p&gt;

&lt;hr /&gt;
&lt;h3&gt;🎯 What to Expect&lt;/h3&gt;

&lt;p&gt;&lt;strong&gt;🧭 Competitive Events&lt;/strong&gt;&lt;br /&gt;
Put your skills to the test in a variety of competitions throughout the day, including:&lt;/p&gt;

&lt;ul&gt;
	&lt;li&gt;Puzzle-solving competition&lt;/li&gt;
	&lt;li&gt;Individual competition&lt;/li&gt;
	&lt;li&gt;2 person team competition&lt;/li&gt;
	&lt;li&gt;4 person team competition&lt;/li&gt;
	&lt;li&gt;Additional geocaching challenges (details announced closer to the event)&lt;/li&gt;
&lt;/ul&gt;

&lt;p&gt;&lt;strong&gt;🎉 Side Activities&lt;/strong&gt;&lt;br /&gt;
Looking for something more relaxed? Join in on:&lt;/p&gt;

&lt;ul&gt;
	&lt;li&gt;Poker Run&lt;/li&gt;
	&lt;li&gt;Cribbage Run&lt;br /&gt;
	These fun activities are perfect for all experience levels and add an extra layer of adventure to your day.&lt;/li&gt;
&lt;/ul&gt;

&lt;p&gt;&lt;strong&gt;🛍️ Vendors &amp;amp; Shopping&lt;/strong&gt;&lt;br /&gt;
Browse geocaching gear and collectibles from vendors offering a variety of swag. Don’t forget to stop by the &lt;strong&gt;MOGA Central Store&lt;/strong&gt; for exclusive event items!&lt;/p&gt;

&lt;hr /&gt;
&lt;h3&gt;🏅 Awards Ceremony&lt;/h3&gt;

&lt;p&gt;Wrap up the day by celebrating participants and winners during the awards ceremony from &lt;strong&gt;7:00 PM to 8:30 PM&lt;/strong&gt;. It’s a great time to connect, share stories, and recognize achievements from the day.&lt;/p&gt;

&lt;hr /&gt;
&lt;h3&gt;📌 Additional Notes&lt;/h3&gt;

&lt;ul&gt;
	&lt;li&gt;More details on competitions, rules, and specific venues in and around Norfolk will be provided as the event approaches.&lt;/li&gt;
	&lt;li&gt;Be sure to bring your gear, a sense of adventure, and plenty of energy!&lt;/li&gt;
	&lt;li&gt;There will be a Friday night welcome event and Sunday events to be published later.&lt;/li&gt;
&lt;/ul&gt;

&lt;hr /&gt;
&lt;p&gt;We hope to see you at &lt;strong&gt;MOGA 2027&lt;/strong&gt; in Norfolk for an unforgettable day of geocaching excitement!&lt;/p&gt;
</groundspeak:long_description>
      <groundspeak:encoded_hints>
      </groundspeak:encoded_hints>
      <groundspeak:logs>
        <groundspeak:log id="1383790507">
          <groundspeak:date>2026-09-10T19:00:00Z</groundspeak:date>
          <groundspeak:type>Will Attend</groundspeak:type>
          <groundspeak:finder id="4736068">Sreddab</groundspeak:finder>
          <groundspeak:text encoded="False">It's on the calendar. </groundspeak:text>
        </groundspeak:log>
        <groundspeak:log id="1383319874">
          <groundspeak:date>2026-09-07T19:00:00Z</groundspeak:date>
          <groundspeak:type>Will Attend</groundspeak:type>
          <groundspeak:finder id="1253738">Monty12</groundspeak:finder>
          <groundspeak:text encoded="False">How can I not attend?</groundspeak:text>
        </groundspeak:log>
        <groundspeak:log id="1383263261">
          <groundspeak:date>2026-09-07T17:31:45Z</groundspeak:date>
          <groundspeak:type>Will Attend</groundspeak:type>
          <groundspeak:finder id="767959">choromanskilynn</groundspeak:finder>
          <groundspeak:text encoded="False">I plan to attend. </groundspeak:text>
        </groundspeak:log>
        <groundspeak:log id="1383165993">
          <groundspeak:date>2026-09-07T04:59:35Z</groundspeak:date>
          <groundspeak:type>Will Attend</groundspeak:type>
          <groundspeak:finder id="815525">kc0aoo</groundspeak:finder>
          <groundspeak:text encoded="False">I planned on being there</groundspeak:text>
        </groundspeak:log>
        <groundspeak:log id="1383169894">
          <groundspeak:date>2026-09-06T19:00:00Z</groundspeak:date>
          <groundspeak:type>Will Attend</groundspeak:type>
          <groundspeak:finder id="7083719">taxi mom</groundspeak:finder>
          <groundspeak:text encoded="False">Planning on it</groundspeak:text>
        </groundspeak:log>
      </groundspeak:logs>
    </groundspeak:cache>
  </wpt>
  <wpt lat="41.034" lon="-96.31525">
    <time>2026-10-30T18:00:00</time>
    <name>GCBWXJG</name>
    <desc>Frankenstein Friday 2026 by Bronco, Event Cache (1.0/1.0)</desc>
    <url>https://coord.info/GCBWXJG</url>
    <urlname>Frankenstein Friday 2026</urlname>
    <sym>Geocache</sym>
    <type>Geocache|Event Cache</type>
    <groundspeak:cache id="10579450" archived="False" available="True" xmlns:groundspeak="http://www.groundspeak.com/cache/1/0/1">
      <groundspeak:name>Frankenstein Friday 2026</groundspeak:name>
      <groundspeak:placed_by>Bronco</groundspeak:placed_by>
      <groundspeak:owner id="14594485">Bronco</groundspeak:owner>
      <groundspeak:type>Event Cache</groundspeak:type>
      <groundspeak:container>Other</groundspeak:container>
      <groundspeak:attributes>
        <groundspeak:attribute id="24" inc="1">Wheelchair accessible</groundspeak:attribute>
        <groundspeak:attribute id="6" inc="1">Recommended for kids</groundspeak:attribute>
        <groundspeak:attribute id="8" inc="1">Scenic view</groundspeak:attribute>
        <groundspeak:attribute id="25" inc="1">Parking nearby</groundspeak:attribute>
        <groundspeak:attribute id="2" inc="1">Access/parking fee</groundspeak:attribute>
        <groundspeak:attribute id="63" inc="1">Recommended for tourists</groundspeak:attribute>
        <groundspeak:attribute id="10" inc="1">Difficult climb</groundspeak:attribute>
      </groundspeak:attributes>
      <groundspeak:difficulty>1.0</groundspeak:difficulty>
      <groundspeak:terrain>1.0</groundspeak:terrain>
      <groundspeak:country>United States</groundspeak:country>
      <groundspeak:state>Nebraska</groundspeak:state>
      <groundspeak:short_description html="True">&lt;b&gt;30 October 2026, 18:00 - 18:45&lt;/b&gt;</groundspeak:short_description>
      <groundspeak:long_description html="True">&lt;h2&gt;Frankenstein Friday is coming to...&lt;/h2&gt;

&lt;p&gt;&lt;img src="https://s3.amazonaws.com/gs-geo-images/e7c00b59-3b52-4981-afbe-14066beecaab_l.jpg" /&gt;&lt;/p&gt;

&lt;p&gt;- This is the 10th consecutive year of the Frankenstein Friday event.&lt;/p&gt;

&lt;p&gt;- It has been hosted in 9 different US States.&lt;/p&gt;

&lt;p&gt;- The event will take place near the Walter Scott Jr. Observation Tower in Eugene T. Mahoney State Park in Ashland, NE. This event cache is not far from the parking lot.&lt;/p&gt;

&lt;p&gt;- Official event time is 6:00pm - 6:45pm on October 30, 2026&lt;/p&gt;

&lt;p&gt;- Please expect a simple meet and greet style event that takes place outdoors.&lt;/p&gt;

&lt;p&gt;- Be sure to dress accordingly - this is a Fall event afterall.&lt;/p&gt;

&lt;p&gt;- Come say hi, socialize with your geocaching buddies, maybe meet someone new, and sign the logbook (if I remember to bring one)! Nothing more than that!&lt;/p&gt;

&lt;p&gt;&lt;u&gt;&lt;strong&gt;Past Frankenstein Friday Events:&lt;/strong&gt;&lt;/u&gt;&lt;/p&gt;

&lt;p&gt;&lt;strong&gt;Colorado - &lt;a href="https://coord.info/GC7CJDE"&gt;Frankenstein Friday with BroncoCole&lt;/a&gt;&lt;/strong&gt;&lt;/p&gt;

&lt;p&gt;&lt;strong&gt;Minnesota - &lt;a href="https://coord.info/GC7YWMD"&gt;Frankenstein Friday 2018&lt;/a&gt;&lt;/strong&gt;&lt;/p&gt;

&lt;p&gt;&lt;strong&gt;Wisconsin - &lt;a href="https://coord.info/GC8AY7W"&gt;Frankenstein Friday 2019&lt;/a&gt;&lt;/strong&gt;&lt;/p&gt;

&lt;p&gt;&lt;strong&gt;Iowa - &lt;a href="https://coord.info/GC8ZMV5"&gt;Frankenstein Friday 2020&lt;/a&gt;&lt;/strong&gt;&lt;/p&gt;

&lt;p&gt;&lt;strong&gt;South Dakota - &lt;a href="https://coord.info/GC9EBJZ"&gt;Frankenstein Friday 2021&lt;/a&gt;&lt;/strong&gt;&lt;/p&gt;

&lt;p&gt;&lt;strong&gt;Minnesota - &lt;a href="https://coord.info/GCA0DCW"&gt;Frankenstein Friday 2022&lt;/a&gt;&lt;/strong&gt;&lt;/p&gt;

&lt;p&gt;&lt;strong&gt;North Dakota - &lt;a href="https://coord.info/GCAEN9Q"&gt;Frankenstein Friday 2023&lt;/a&gt;&lt;/strong&gt;&lt;/p&gt;

&lt;p&gt;&lt;strong&gt;Michigan - &lt;a href="https://coord.info/GCAW49K"&gt;Frankenstein Friday 2024&lt;/a&gt;&lt;/strong&gt;&lt;/p&gt;

&lt;p&gt;&lt;strong&gt;Missouri - &lt;a href="https://coord.info/GCB8JDX"&gt;Frankenstein Friday 2025&lt;/a&gt;&lt;/strong&gt;&lt;/p&gt;

&lt;p&gt;Celebrated each year on the last Friday of October, Frankenstein Friday pays homage to one of the greatest gothic stories of all time. In 1818, Mary Shelley wrote a novel about a young scientist named Victor Frankenstein who discovers how to give life to inanimate bodies. He creates a monster that pursues him to the ends of the earth and eventually destroys everything he holds dear. People often mistakenly use the name “Frankenstein” to refer to the hideous monster (famously played by Boris Karloff in the 1931 film), but Victor Frankenstein never gives his creation a name.&lt;/p&gt;
            </groundspeak:long_description>
      <groundspeak:encoded_hints>A Nebraska state park permit is required to enter. If you don't have one, daily and annual permits may be purchased at the park entrance.</groundspeak:encoded_hints>
      <groundspeak:logs>
        <groundspeak:log id="1381393626">
          <groundspeak:date>2026-08-29T03:53:30Z</groundspeak:date>
          <groundspeak:type>Will Attend</groundspeak:type>
          <groundspeak:finder id="4345423">yhtak57</groundspeak:finder>
          <groundspeak:text encoded="False">Yes yes yes fun way to celebrate Halloween Eve</groundspeak:text>
        </groundspeak:log>
        <groundspeak:log id="1381319242">
          <groundspeak:date>2026-08-28T19:00:00Z</groundspeak:date>
          <groundspeak:type>Will Attend</groundspeak:type>
          <groundspeak:finder id="5141535">sirkdizzzle</groundspeak:finder>
          <groundspeak:text encoded="False">Darkness - unlikely
Frankenstein - possibly</groundspeak:text>
        </groundspeak:log>
        <groundspeak:log id="1381080230">
          <groundspeak:date>2026-08-26T19:00:00Z</groundspeak:date>
          <groundspeak:type>Will Attend</groundspeak:type>
          <groundspeak:finder id="14594485">Bronco</groundspeak:finder>
          <groundspeak:text encoded="False">I've got Frankenstein Friday Pathtags and - NEW THIS YEAR - a Frankenstein Friday Shareable! 💥</groundspeak:text>
        </groundspeak:log>
        <groundspeak:log id="1381079421">
          <groundspeak:date>2026-08-26T19:00:00Z</groundspeak:date>
          <groundspeak:type>Will Attend</groundspeak:type>
          <groundspeak:finder id="350257">iaagteacher</groundspeak:finder>
          <groundspeak:text encoded="False">Marking the date on the calendar. Hope that no conflicts arise. Looking forward to my #6.</groundspeak:text>
        </groundspeak:log>
        <groundspeak:log id="1380895039">
          <groundspeak:date>2026-08-25T23:31:44Z</groundspeak:date>
          <groundspeak:type>Will Attend</groundspeak:type>
          <groundspeak:finder id="28905599">Shelbyyy919</groundspeak:finder>
          <groundspeak:text encoded="False">Yes </groundspeak:text>
        </groundspeak:log>
      </groundspeak:logs>
    </groundspeak:cache>
  </wpt>
  <wpt lat="40.757967" lon="-96.6426">
    <time>2026-10-06T17:45:00</time>
    <name>GCBXF44</name>
    <desc>Diners and Dives # 94 by starsharon + Hubbie, Event Cache (1.0/1.0)</desc>
    <url>https://coord.info/GCBXF44</url>
    <urlname>Diners and Dives # 94</urlname>
    <sym>Geocache</sym>
    <type>Geocache|Event Cache</type>
    <groundspeak:cache id="10596302" archived="False" available="True" xmlns:groundspeak="http://www.groundspeak.com/cache/1/0/1">
      <groundspeak:name>Diners and Dives # 94</groundspeak:name>
      <groundspeak:placed_by>starsharon and peteach!</groundspeak:placed_by>
      <groundspeak:owner id="1411659">starsharon + Hubbie</groundspeak:owner>
      <groundspeak:type>Event Cache</groundspeak:type>
      <groundspeak:container>Other</groundspeak:container>
      <groundspeak:attributes>
        <groundspeak:attribute id="24" inc="1">Wheelchair accessible</groundspeak:attribute>
        <groundspeak:attribute id="63" inc="1">Recommended for tourists</groundspeak:attribute>
        <groundspeak:attribute id="28" inc="1">Public restrooms nearby</groundspeak:attribute>
        <groundspeak:attribute id="59" inc="1">Food nearby</groundspeak:attribute>
        <groundspeak:attribute id="27" inc="1">Drinking water nearby</groundspeak:attribute>
        <groundspeak:attribute id="58" inc="1">Fuel nearby</groundspeak:attribute>
        <groundspeak:attribute id="29" inc="1">Telephone nearby</groundspeak:attribute>
      </groundspeak:attributes>
      <groundspeak:difficulty>1.0</groundspeak:difficulty>
      <groundspeak:terrain>1.0</groundspeak:terrain>
      <groundspeak:country>United States</groundspeak:country>
      <groundspeak:state>Nebraska</groundspeak:state>
      <groundspeak:short_description html="True">&lt;b&gt;06 October 2026, 17:45 - 19:45&lt;/b&gt;</groundspeak:short_description>
      <groundspeak:long_description html="True">&lt;p&gt;Please join starsharon and peteach! for a progressive supper at different Diners &amp;amp; Dives in or near Lincoln and beyond.  We will rotate host duties every month.  &lt;/p&gt;

&lt;h2&gt;Location for Tuesday, October 6, 2026            &lt;/h2&gt;

&lt;h2&gt;The Mettle Grill&lt;/h2&gt;

&lt;p&gt;&lt;span style="font-size:20px;"&gt;5500 S 56th St. #8&lt;/span&gt;&lt;/p&gt;

&lt;h2&gt;Lincoln, NE&lt;/h2&gt;

&lt;p&gt;5:45 pm to 7:45 pm&lt;/p&gt;

&lt;h2&gt; &lt;/h2&gt;

&lt;p&gt;Please provide a &amp;#39;Will Attend&amp;#39; log so we can get a head count for our selected location of the month.&lt;/p&gt;

&lt;p&gt;Connect with other geocachers to ask for a tip or two on your caches without a &amp;#39;SMILEY&amp;#39;, trade/share travel bugs or just enjoy the company of fellow geocachers.&lt;/p&gt;

&lt;p&gt;No purchase is necessary to attend the event&lt;/p&gt;

&lt;p&gt;We hope to see you there.  A recurring monthly Geocaching Event in Lincoln and occasionally in the surrounding area that is open to everyone. Local and out-of-town geocachers are welcome and encouraged to attend.&lt;/p&gt;

&lt;p&gt; &lt;/p&gt;

&lt;p&gt;&lt;a href="http://nebraskache.com/"&gt;&lt;img height="95" src="https://img.geocaching.com/9102f957-c986-41b5-acdb-a076bd017129.jpg" width="187" /&gt;&lt;/a&gt;&lt;/p&gt;

&lt;p&gt;&lt;a href="http://nebraskache.com/"&gt;Hosted By A Nebraskache Member&lt;/a&gt;&lt;/p&gt;

&lt;p&gt;&lt;a href="https://www.facebook.com/groups/107321656812/"&gt;&lt;img height="58" src="https://s3.amazonaws.com/gs-geo-images/19b6196d-f1d8-431b-9201-f4069d107ada_l.png" width="183" /&gt;&lt;/a&gt;&lt;/p&gt;

&lt;p&gt;As the geocache owner, I ensure that this links to a local geocaching group that is active in the community and contributing to geocaching in positive ways. This link has not been checked by Geocaching HQ or by the reviewer.&lt;/p&gt;
</groundspeak:long_description>
      <groundspeak:encoded_hints>
      </groundspeak:encoded_hints>
      <groundspeak:logs>
        <groundspeak:log id="1383784963">
          <groundspeak:date>2026-09-10T19:00:00Z</groundspeak:date>
          <groundspeak:type>Will Attend</groundspeak:type>
          <groundspeak:finder id="5202283">RBMAN</groundspeak:finder>
          <groundspeak:text encoded="False">I plan on attending with peteach!</groundspeak:text>
        </groundspeak:log>
        <groundspeak:log id="1382438885">
          <groundspeak:date>2026-09-03T17:15:10Z</groundspeak:date>
          <groundspeak:type>Will Attend</groundspeak:type>
          <groundspeak:finder id="4345423">yhtak57</groundspeak:finder>
          <groundspeak:text encoded="False">Planning on it. New place for me
 Sounds like a true dive.🤣</groundspeak:text>
        </groundspeak:log>
        <groundspeak:log id="1382364272">
          <groundspeak:date>2026-09-03T03:46:25Z</groundspeak:date>
          <groundspeak:type>Will Attend</groundspeak:type>
          <groundspeak:finder id="5787200">peteach!</groundspeak:finder>
          <groundspeak:text encoded="False">We plan to attend </groundspeak:text>
        </groundspeak:log>
        <groundspeak:log id="1382362805">
          <groundspeak:date>2026-09-03T02:56:31Z</groundspeak:date>
          <groundspeak:type>Will Attend</groundspeak:type>
          <groundspeak:finder id="28905599">Shelbyyy919</groundspeak:finder>
          <groundspeak:text encoded="False">Probably </groundspeak:text>
        </groundspeak:log>
        <groundspeak:log id="1382361848">
          <groundspeak:date>2026-09-03T02:21:15Z</groundspeak:date>
          <groundspeak:type>Will Attend</groundspeak:type>
          <groundspeak:finder id="841414">LadyGunslinger</groundspeak:finder>
          <groundspeak:text encoded="False">Pretty sure I can make this one...</groundspeak:text>
        </groundspeak:log>
      </groundspeak:logs>
    </groundspeak:cache>
  </wpt>
  <wpt lat="42.5595" lon="-100">
    <time>2026-10-05T10:00:00</time>
    <name>GCBVK0H</name>
    <desc>London Calling on Tour - 100° West from Greenwich by goldpot, Event Cache (1.0/2.0)</desc>
    <url>https://coord.info/GCBVK0H</url>
    <urlname>London Calling on Tour - 100° West from Greenwich</urlname>
    <sym>Geocache</sym>
    <type>Geocache|Event Cache</type>
    <groundspeak:cache id="10540453" archived="False" available="True" xmlns:groundspeak="http://www.groundspeak.com/cache/1/0/1">
      <groundspeak:name>London Calling on Tour - 100° West from Greenwich</groundspeak:name>
      <groundspeak:placed_by>goldpot</groundspeak:placed_by>
      <groundspeak:owner id="465298">goldpot</groundspeak:owner>
      <groundspeak:type>Event Cache</groundspeak:type>
      <groundspeak:container>Other</groundspeak:container>
      <groundspeak:attributes>
        <groundspeak:attribute id="8" inc="1">Scenic view</groundspeak:attribute>
        <groundspeak:attribute id="25" inc="1">Parking nearby</groundspeak:attribute>
        <groundspeak:attribute id="32" inc="1">Bicycles</groundspeak:attribute>
        <groundspeak:attribute id="9" inc="0">Significant hike</groundspeak:attribute>
        <groundspeak:attribute id="66" inc="1">Teamwork cache</groundspeak:attribute>
        <groundspeak:attribute id="63" inc="1">Recommended for tourists</groundspeak:attribute>
        <groundspeak:attribute id="28" inc="0">Public restrooms nearby</groundspeak:attribute>
        <groundspeak:attribute id="59" inc="0">Food nearby</groundspeak:attribute>
        <groundspeak:attribute id="27" inc="0">Drinking water nearby</groundspeak:attribute>
        <groundspeak:attribute id="34" inc="1">Quads</groundspeak:attribute>
        <groundspeak:attribute id="37" inc="1">Horses</groundspeak:attribute>
        <groundspeak:attribute id="29" inc="0">Telephone nearby</groundspeak:attribute>
        <groundspeak:attribute id="54" inc="1">Abandoned structure</groundspeak:attribute>
        <groundspeak:attribute id="18" inc="1">Dangerous animals</groundspeak:attribute>
      </groundspeak:attributes>
      <groundspeak:difficulty>1.0</groundspeak:difficulty>
      <groundspeak:terrain>2.0</groundspeak:terrain>
      <groundspeak:country>United States</groundspeak:country>
      <groundspeak:state>Nebraska</groundspeak:state>
      <groundspeak:short_description html="True">&lt;b&gt;05 October 2026, 10:00 - 10:30&lt;/b&gt;</groundspeak:short_description>
      <groundspeak:long_description html="True">&lt;h2 style="text-align:center;"&gt;&lt;img src="https://img.geocaching.com:443/20cdeef5-f181-4020-83dc-5799d2bd1fb3.jpg" /&gt;&lt;br /&gt;
 &lt;/h2&gt;

&lt;h2 style="text-align:center;"&gt;London Calling on Tour in Nebraska - exactly 100 degrees west of Greenwich, London&lt;/h2&gt;

&lt;h2 style="text-align:center;"&gt;Monday, October 5, 2026, 10am to 10.30am&lt;/h2&gt;

&lt;p&gt; &lt;/p&gt;

&lt;p&gt;Welcome to the geocaching event in the middle of Nebraska, not at any old place on the prairies but exactly 100° west from London, England.&lt;br /&gt;
Join the hosts from this English capital city to chat about all things geocaching. We are on a tour of the Midwest visiting States that we haven&amp;#39;t been to before. &lt;br /&gt;
Meet 100° on the Cowboy Trail, parking is nearby, waypoint given. The Cowboy Trail is a multi used trail along the old railroad route...there is something here! &lt;br /&gt;
 &lt;/p&gt;

&lt;p&gt;London Calling 2027 Mega takes place on May 8 at Greenwich, London -  the home of the coordinates and time. &lt;br /&gt;
&lt;a href="https://coord.info/GCBJK18"&gt;London Calling Mega link&lt;/a&gt;&lt;/p&gt;

&lt;p&gt; &lt;/p&gt;
&lt;p&gt;Additional Waypoints&lt;/p&gt;P0BVK0H - Parking at Memorial&lt;br /&gt;N 42° 33.570 W 100° 00.500&lt;br /&gt;&lt;br /&gt;</groundspeak:long_description>
      <groundspeak:encoded_hints>Easy, we will probably be the only people here.</groundspeak:encoded_hints>
      <groundspeak:logs>
        <groundspeak:log id="1376149884">
          <groundspeak:date>2026-08-03T19:00:00Z</groundspeak:date>
          <groundspeak:type>Will Attend</groundspeak:type>
          <groundspeak:finder id="465298">goldpot</groundspeak:finder>
          <groundspeak:text encoded="False">Will be there, 100 degrees from home! </groundspeak:text>
        </groundspeak:log>
        <groundspeak:log id="1376149328">
          <groundspeak:date>2026-08-03T16:44:17Z</groundspeak:date>
          <groundspeak:type>Publish Listing</groundspeak:type>
          <groundspeak:finder id="531429">Heartland Cacher</groundspeak:finder>
          <groundspeak:text encoded="False">Published</groundspeak:text>
        </groundspeak:log>
      </groundspeak:logs>
    </groundspeak:cache>
  </wpt>
  <wpt lat="41.114417" lon="-102.952167">
    <time>2026-10-01T21:00:00</time>
    <name>GCBXVFV</name>
    <desc>World Postcard Day Event Nebraska by Aegir101, Event Cache (1.0/1.0)</desc>
    <url>https://coord.info/GCBXVFV</url>
    <urlname>World Postcard Day Event Nebraska</urlname>
    <sym>Geocache</sym>
    <type>Geocache|Event Cache</type>
    <groundspeak:cache id="10607236" archived="False" available="True" xmlns:groundspeak="http://www.groundspeak.com/cache/1/0/1">
      <groundspeak:name>World Postcard Day Event Nebraska</groundspeak:name>
      <groundspeak:placed_by>Aegir101</groundspeak:placed_by>
      <groundspeak:owner id="19483995">Aegir101</groundspeak:owner>
      <groundspeak:type>Event Cache</groundspeak:type>
      <groundspeak:container>Other</groundspeak:container>
      <groundspeak:attributes>
        <groundspeak:attribute id="24" inc="1">Wheelchair accessible</groundspeak:attribute>
        <groundspeak:attribute id="41" inc="1">Stroller accessible</groundspeak:attribute>
        <groundspeak:attribute id="1" inc="0">Dogs</groundspeak:attribute>
        <groundspeak:attribute id="25" inc="1">Parking nearby</groundspeak:attribute>
        <groundspeak:attribute id="52" inc="1">Night cache</groundspeak:attribute>
        <groundspeak:attribute id="63" inc="1">Recommended for tourists</groundspeak:attribute>
        <groundspeak:attribute id="28" inc="1">Public restrooms nearby</groundspeak:attribute>
        <groundspeak:attribute id="59" inc="1">Food nearby</groundspeak:attribute>
        <groundspeak:attribute id="27" inc="1">Drinking water nearby</groundspeak:attribute>
        <groundspeak:attribute id="37" inc="0">Horses</groundspeak:attribute>
      </groundspeak:attributes>
      <groundspeak:difficulty>1.0</groundspeak:difficulty>
      <groundspeak:terrain>1.0</groundspeak:terrain>
      <groundspeak:country>United States</groundspeak:country>
      <groundspeak:state>Nebraska</groundspeak:state>
      <groundspeak:short_description html="True">&lt;b&gt;01 October 2026, 21:00 - 22:00&lt;/b&gt;</groundspeak:short_description>
      <groundspeak:long_description html="True">&lt;p&gt;Two cachers from the National Capital Region aka the DMV (Washington DC, Maryland,&amp;nbsp;and Virginia) are wandering around Colorado, Nebraska, Kansas and Wyoming for another crazy caching trip. Sidney NE is our first stop on a 5-day caching binge, please come&amp;nbsp;meet up with us. Thursday&amp;nbsp;night we are hoping to meet some local cachers, share caching stories, and get recommendations for our trip.&amp;nbsp; If you can attend you can qualify for the World Postcard Day Souvenir.&lt;/p&gt;

&lt;p&gt;We plan to meet at 9pm at the Applebees 625 Cabela Dr Sidney NE 69162.&amp;nbsp;We plan to get food and drink, but come by just for food, just for a drink, or just to talk caching (no purchase necessary).&amp;nbsp; Please log a will attend so we can tell the restaurant the size of table we need, if you end up showing up at the last minute dont worry we can squeeze you in. We hope that you can join us!&lt;/p&gt;
</groundspeak:long_description>
      <groundspeak:encoded_hints>
      </groundspeak:encoded_hints>
      <groundspeak:logs>
        <groundspeak:log id="1384801787">
          <groundspeak:date>2026-09-16T19:00:00Z</groundspeak:date>
          <groundspeak:type>Will Attend</groundspeak:type>
          <groundspeak:finder id="2938303">bejs</groundspeak:finder>
          <groundspeak:text encoded="False">We will of course be there!  Hope folks can join us!</groundspeak:text>
        </groundspeak:log>
        <groundspeak:log id="1384009596">
          <groundspeak:date>2026-09-12T13:12:59Z</groundspeak:date>
          <groundspeak:type>Will Attend</groundspeak:type>
          <groundspeak:finder id="19483995">Aegir101</groundspeak:finder>
          <groundspeak:text encoded="False">Bejs and I will be there, looking forward to this. </groundspeak:text>
        </groundspeak:log>
        <groundspeak:log id="1384003534">
          <groundspeak:date>2026-09-12T12:50:08Z</groundspeak:date>
          <groundspeak:type>Publish Listing</groundspeak:type>
          <groundspeak:finder id="531429">Heartland Cacher</groundspeak:finder>
          <groundspeak:text encoded="False">Published</groundspeak:text>
        </groundspeak:log>
      </groundspeak:logs>
    </groundspeak:cache>
  </wpt>
  <wpt lat="40.756917" lon="-96.653167">
    <time>2026-10-01T11:45:00</time>
    <name>GCBXF8J</name>
    <desc>Lunch For A Little Cache Redux #63 by peteach!, Event Cache (1.0/1.0)</desc>
    <url>https://coord.info/GCBXF8J</url>
    <urlname>Lunch For A Little Cache Redux #63</urlname>
    <sym>Geocache</sym>
    <type>Geocache|Event Cache</type>
    <groundspeak:cache id="10596440" archived="False" available="True" xmlns:groundspeak="http://www.groundspeak.com/cache/1/0/1">
      <groundspeak:name>Lunch For A Little Cache Redux #63</groundspeak:name>
      <groundspeak:placed_by>peteach! and starsharon </groundspeak:placed_by>
      <groundspeak:owner id="5787200">peteach!</groundspeak:owner>
      <groundspeak:type>Event Cache</groundspeak:type>
      <groundspeak:container>Other</groundspeak:container>
      <groundspeak:attributes>
        <groundspeak:attribute id="24" inc="1">Wheelchair accessible</groundspeak:attribute>
        <groundspeak:attribute id="25" inc="1">Parking nearby</groundspeak:attribute>
        <groundspeak:attribute id="27" inc="1">Drinking water nearby</groundspeak:attribute>
        <groundspeak:attribute id="58" inc="1">Fuel nearby</groundspeak:attribute>
      </groundspeak:attributes>
      <groundspeak:difficulty>1.0</groundspeak:difficulty>
      <groundspeak:terrain>1.0</groundspeak:terrain>
      <groundspeak:country>United States</groundspeak:country>
      <groundspeak:state>Nebraska</groundspeak:state>
      <groundspeak:short_description html="True">&lt;b&gt;01 October 2026, 11:45 - 13:00&lt;/b&gt;</groundspeak:short_description>
      <groundspeak:long_description html="True">&lt;p&gt;A recurring monthly Geocaching Event in Lincoln, open to everyone. Local and out-of-town geocachers are welcome and encouraged to attend.&amp;nbsp;&lt;/p&gt;

&lt;p&gt;Come join starsharon and peteach! and the regular attendees for lunch. We will rotate host duties on the first Thursday of almost every month. We may also throw in a guest host once in a while. This will be a great opportunity to plan a weekend geocaching trip with other attendees, ask for help on those caches that are driving you crazy, trade/share Travel Bugs and/or other trackable items, or just have a nice lunch and trade geocaching stories.&lt;/p&gt;

&lt;p&gt;Location: Stauffer&amp;rsquo;s Caf&amp;eacute;. 5600 South 48th Street. (between Old Cheney and hwy 2 on 48th)&lt;/p&gt;

&lt;p&gt;Time: Thursday, October 1st, 2026, 11:45 a.m. to 1:00-ish (CST).&lt;/p&gt;

&lt;p&gt;PLEASE, provide a &amp;ldquo;Will Attend&amp;rdquo; log so we can get a head-count for the caf&amp;eacute;. If we have 9 or more, we will get a private party room....8 or fewer, and we will be at a large table.&lt;/p&gt;

&lt;p&gt;This location has a full menu for those who would like to eat lunch (or breakfast) with us, but no purchase is necessary to attend the event. We hope to see you there.&lt;/p&gt;
</groundspeak:long_description>
      <groundspeak:encoded_hints>Great Pie</groundspeak:encoded_hints>
      <groundspeak:logs>
        <groundspeak:log id="1385098375">
          <groundspeak:date>2026-09-19T06:20:44Z</groundspeak:date>
          <groundspeak:type>Write note</groundspeak:type>
          <groundspeak:finder id="4887773">CRBS-</groundspeak:finder>
          <groundspeak:text encoded="False">Attended supper on the 16th. Was able to see many faces that I haven't seen over a year. Great  visits, like usual. 👍 sl </groundspeak:text>
        </groundspeak:log>
        <groundspeak:log id="1383785011">
          <groundspeak:date>2026-09-10T19:00:00Z</groundspeak:date>
          <groundspeak:type>Will Attend</groundspeak:type>
          <groundspeak:finder id="5202283">RBMAN</groundspeak:finder>
          <groundspeak:text encoded="False">I plan on attending with peteach!</groundspeak:text>
        </groundspeak:log>
        <groundspeak:log id="1382545820">
          <groundspeak:date>2026-09-04T19:00:00Z</groundspeak:date>
          <groundspeak:type>Will Attend</groundspeak:type>
          <groundspeak:finder id="1411659">starsharon + Hubbie</groundspeak:finder>
          <groundspeak:text encoded="False">Hubbie and I plan on attending.</groundspeak:text>
        </groundspeak:log>
        <groundspeak:log id="1382476502">
          <groundspeak:date>2026-09-03T21:06:48Z</groundspeak:date>
          <groundspeak:type>Publish Listing</groundspeak:type>
          <groundspeak:finder id="531429">Heartland Cacher</groundspeak:finder>
          <groundspeak:text encoded="False">Published</groundspeak:text>
        </groundspeak:log>
      </groundspeak:logs>
    </groundspeak:cache>
  </wpt>
  <wpt lat="42.237333" lon="-97.021933">
    <time>2026-09-29T19:15:00</time>
    <name>GCBY28D</name>
    <desc>Sunset &amp; Stories: Wayne Flash Mob Meetup by CRVonFange, Event Cache (1.0/1.5)</desc>
    <url>https://coord.info/GCBY28D</url>
    <urlname>Sunset &amp; Stories: Wayne Flash Mob Meetup</urlname>
    <sym>Geocache</sym>
    <type>Geocache|Event Cache</type>
    <groundspeak:cache id="10613733" archived="False" available="True" xmlns:groundspeak="http://www.groundspeak.com/cache/1/0/1">
      <groundspeak:name>Sunset &amp; Stories: Wayne Flash Mob Meetup</groundspeak:name>
      <groundspeak:placed_by>The Von Fanges</groundspeak:placed_by>
      <groundspeak:owner id="20507951">CRVonFange</groundspeak:owner>
      <groundspeak:type>Event Cache</groundspeak:type>
      <groundspeak:container>Other</groundspeak:container>
      <groundspeak:attributes>
        <groundspeak:attribute id="6" inc="1">Recommended for kids</groundspeak:attribute>
        <groundspeak:attribute id="7" inc="1">Takes less than one hour</groundspeak:attribute>
        <groundspeak:attribute id="25" inc="1">Parking nearby</groundspeak:attribute>
        <groundspeak:attribute id="32" inc="1">Bicycles</groundspeak:attribute>
        <groundspeak:attribute id="52" inc="1">Night cache</groundspeak:attribute>
        <groundspeak:attribute id="63" inc="1">Recommended for tourists</groundspeak:attribute>
        <groundspeak:attribute id="30" inc="1">Picnic tables nearby</groundspeak:attribute>
        <groundspeak:attribute id="28" inc="1">Public restrooms nearby</groundspeak:attribute>
        <groundspeak:attribute id="27" inc="1">Drinking water nearby</groundspeak:attribute>
        <groundspeak:attribute id="46" inc="1">Trucks/RVs</groundspeak:attribute>
        <groundspeak:attribute id="38" inc="1">Campfires</groundspeak:attribute>
        <groundspeak:attribute id="17" inc="0">Poisonous plants</groundspeak:attribute>
      </groundspeak:attributes>
      <groundspeak:difficulty>1.0</groundspeak:difficulty>
      <groundspeak:terrain>1.5</groundspeak:terrain>
      <groundspeak:country>United States</groundspeak:country>
      <groundspeak:state>Nebraska</groundspeak:state>
      <groundspeak:short_description html="True">&lt;b&gt;29 September 2026, 19:15 - 20:00&lt;/b&gt;</groundspeak:short_description>
      <groundspeak:long_description html="True">&lt;h3&gt;&lt;!--StartFragment --&gt;&lt;span style="font-size:16px;"&gt;&lt;span style="font-family:Comic Sans MS,cursive;"&gt;Let’s show some classic Midwest hospitality to USAdotRun as they pass through town!&lt;/span&gt;&lt;/span&gt;&lt;/h3&gt;

&lt;p&gt; &lt;/p&gt;

&lt;h3&gt;&lt;span style="font-size:16px;"&gt;&lt;span style="font-family:Comic Sans MS,cursive;"&gt;Join us for a quick, flash-mob-style meetup at the Bressler Park fire pit just as the sun goes down. Whether you&amp;#39;re a lifelong local, a neighboring cacher grabbing a midweek caching fix, or a road-tripper passing through, everyone is welcome!&lt;/span&gt;&lt;/span&gt;&lt;/h3&gt;

&lt;p&gt; &lt;/p&gt;

&lt;h3&gt;&lt;span style="font-size:16px;"&gt;&lt;span style="font-family:Comic Sans MS,cursive;"&gt;Why come out?&lt;/span&gt;&lt;/span&gt;&lt;/h3&gt;

&lt;ul&gt;
	&lt;li&gt;
	&lt;h3&gt;&lt;span style="font-size:16px;"&gt;&lt;span style="font-family:Comic Sans MS,cursive;"&gt;Talk Shop: Swap caching stories and grab tips on nearby hidden gems (there might even be a new multi-cache in the park).&lt;/span&gt;&lt;/span&gt;&lt;/h3&gt;
	&lt;/li&gt;
	&lt;li&gt;
	&lt;h3&gt;&lt;span style="font-size:16px;"&gt;&lt;span style="font-family:Comic Sans MS,cursive;"&gt;Trackables: Trade trackables that need to keep moving.&lt;/span&gt;&lt;/span&gt;&lt;/h3&gt;
	&lt;/li&gt;
	&lt;li&gt;
	&lt;h3&gt;&lt;span style="font-size:16px;"&gt;&lt;span style="font-family:Comic Sans MS,cursive;"&gt;Log It: Sign the official event log to claim your smiley.&lt;/span&gt;&lt;/span&gt;&lt;/h3&gt;
	&lt;/li&gt;
&lt;/ul&gt;

&lt;h3&gt; &lt;/h3&gt;

&lt;h3&gt;&lt;span style="font-size:16px;"&gt;&lt;span style="font-family:Comic Sans MS,cursive;"&gt;New to geocaching? Stop by to ask questions, meet the community, and learn tips and tricks from experienced veteran cachers. &lt;/span&gt;&lt;/span&gt;&lt;/h3&gt;

&lt;h3&gt; &lt;/h3&gt;

&lt;h3&gt;&lt;!--StartFragment --&gt;&lt;/h3&gt;

&lt;h3&gt;&lt;strong&gt;&lt;span style="font-size:16px;"&gt;&lt;span style="font-family:Comic Sans MS,cursive;"&gt;Don&amp;#39;t forget to log your &amp;quot;Will Attend&amp;quot; to ensure there is a s&amp;#39;more just for you!&lt;/span&gt;&lt;/span&gt;&lt;/strong&gt;&lt;/h3&gt;

&lt;h3&gt; &lt;/h3&gt;

&lt;p&gt;&lt;!--EndFragment --&gt;&lt;/p&gt;
</groundspeak:long_description>
      <groundspeak:encoded_hints>There is a nearby picnic shelter just in case it rains.</groundspeak:encoded_hints>
      <groundspeak:logs>
        <groundspeak:log id="1384871570">
          <groundspeak:date>2026-09-17T19:00:00Z</groundspeak:date>
          <groundspeak:type>Write note</groundspeak:type>
          <groundspeak:finder id="37837318">USAdotRun</groundspeak:finder>
          <groundspeak:text encoded="False">I hope we can be there, but this might be late for us. We are hoping to be coming through the area before dinner.</groundspeak:text>
        </groundspeak:log>
        <groundspeak:log id="1384797513">
          <groundspeak:date>2026-09-16T20:47:36Z</groundspeak:date>
          <groundspeak:type>Publish Listing</groundspeak:type>
          <groundspeak:finder id="531429">Heartland Cacher</groundspeak:finder>
          <groundspeak:text encoded="False">Published</groundspeak:text>
        </groundspeak:log>
      </groundspeak:logs>
    </groundspeak:cache>
  </wpt>
  <wpt lat="41.213567" lon="-98.458433">
    <time>2026-09-28T08:00:00</time>
    <name>GCBY091</name>
    <desc>Coffee with GeobabeKiki by Geobabekiki, Event Cache (1.0/1.0)</desc>
    <url>https://coord.info/GCBY091</url>
    <urlname>Coffee with GeobabeKiki</urlname>
    <sym>Geocache</sym>
    <type>Geocache|Event Cache</type>
    <groundspeak:cache id="10611830" archived="False" available="True" xmlns:groundspeak="http://www.groundspeak.com/cache/1/0/1">
      <groundspeak:name>Coffee with GeobabeKiki</groundspeak:name>
      <groundspeak:placed_by>Geobabekiki</groundspeak:placed_by>
      <groundspeak:owner id="45995094">Geobabekiki</groundspeak:owner>
      <groundspeak:type>Event Cache</groundspeak:type>
      <groundspeak:container>Other</groundspeak:container>
      <groundspeak:attributes>
        <groundspeak:attribute id="24" inc="1">Wheelchair accessible</groundspeak:attribute>
      </groundspeak:attributes>
      <groundspeak:difficulty>1.0</groundspeak:difficulty>
      <groundspeak:terrain>1.0</groundspeak:terrain>
      <groundspeak:country>United States</groundspeak:country>
      <groundspeak:state>Nebraska</groundspeak:state>
      <groundspeak:short_description html="True">&lt;b&gt;28 September 2026, 08:00 - 08:30&lt;/b&gt;</groundspeak:short_description>
      <groundspeak:long_description html="True">&lt;p&gt;My partner and I are county caching across the US. We love to meet local geocachers. We are also ambassadors to next year&amp;#39;s Geowoodstock XXIII in Baton Rouge, LA. We hope to meet you and trade stories! No purchase necessary&lt;/p&gt;

&lt;p&gt;Bed Head Coffee Co&lt;/p&gt;

&lt;p&gt;716 Howard Avenue&lt;/p&gt;

&lt;p&gt;St. Paul, NE 68873&lt;/p&gt;
</groundspeak:long_description>
      <groundspeak:encoded_hints>Bed Head Coffee Co.</groundspeak:encoded_hints>
      <groundspeak:logs>
        <groundspeak:log id="1385085867">
          <groundspeak:date>2026-09-19T00:44:49Z</groundspeak:date>
          <groundspeak:type>Will Attend</groundspeak:type>
          <groundspeak:finder id="45995094">Geobabekiki</groundspeak:finder>
          <groundspeak:text encoded="False">Looking forward to meeting Nebraska cachers!</groundspeak:text>
        </groundspeak:log>
        <groundspeak:log id="1384545016">
          <groundspeak:date>2026-09-15T00:28:40Z</groundspeak:date>
          <groundspeak:type>Will Attend</groundspeak:type>
          <groundspeak:finder id="34610555">Goiabilde</groundspeak:finder>
          <groundspeak:text encoded="False">Awesome! Really looking forward to this </groundspeak:text>
        </groundspeak:log>
        <groundspeak:log id="1384544781">
          <groundspeak:date>2026-09-15T00:23:34Z</groundspeak:date>
          <groundspeak:type>Publish Listing</groundspeak:type>
          <groundspeak:finder id="531429">Heartland Cacher</groundspeak:finder>
          <groundspeak:text encoded="False">Published</groundspeak:text>
        </groundspeak:log>
      </groundspeak:logs>
    </groundspeak:cache>
  </wpt>
  <wpt lat="40.83082" lon="-97.59417">
    <time>2026-09-25T17:00:00</time>
    <name>GCBXV3Z</name>
    <desc>7th Annual Random County Road Trip by papazulu, Event Cache (1.0/1.0)</desc>
    <url>https://coord.info/GCBXV3Z</url>
    <urlname>7th Annual Random County Road Trip</urlname>
    <sym>Geocache</sym>
    <type>Geocache|Event Cache</type>
    <groundspeak:cache id="10606868" archived="False" available="True" xmlns:groundspeak="http://www.groundspeak.com/cache/1/0/1">
      <groundspeak:name>7th Annual Random County Road Trip</groundspeak:name>
      <groundspeak:placed_by>papazulu</groundspeak:placed_by>
      <groundspeak:owner id="329323">papazulu</groundspeak:owner>
      <groundspeak:type>Event Cache</groundspeak:type>
      <groundspeak:container>Other</groundspeak:container>
      <groundspeak:attributes>
        <groundspeak:attribute id="24" inc="1">Wheelchair accessible</groundspeak:attribute>
        <groundspeak:attribute id="41" inc="1">Stroller accessible</groundspeak:attribute>
        <groundspeak:attribute id="7" inc="1">Takes less than one hour</groundspeak:attribute>
        <groundspeak:attribute id="25" inc="1">Parking nearby</groundspeak:attribute>
        <groundspeak:attribute id="58" inc="1">Fuel nearby</groundspeak:attribute>
        <groundspeak:attribute id="29" inc="1">Telephone nearby</groundspeak:attribute>
        <groundspeak:attribute id="64" inc="0">Tree climbing required</groundspeak:attribute>
        <groundspeak:attribute id="10" inc="0">Difficult climb</groundspeak:attribute>
        <groundspeak:attribute id="54" inc="0">Abandoned structure</groundspeak:attribute>
        <groundspeak:attribute id="17" inc="0">Poisonous plants</groundspeak:attribute>
      </groundspeak:attributes>
      <groundspeak:difficulty>1.0</groundspeak:difficulty>
      <groundspeak:terrain>1.0</groundspeak:terrain>
      <groundspeak:country>United States</groundspeak:country>
      <groundspeak:state>Nebraska</groundspeak:state>
      <groundspeak:short_description html="True">&lt;b&gt;25 September 2026, 17:00 - 17:30&lt;/b&gt;</groundspeak:short_description>
      <groundspeak:long_description html="True">&lt;p&gt; Join us on Friday, September 25 from 5-530 PM at the new White Elm Brewing Company Brewery in York, Nebraska.  Every year since 2020, I have done a geo-trip to a random county and this year&amp;#39;s lucky draw was none other than York County, Nebraska!  We&amp;#39;ll be in town for a couple hours and this new brewery sounded like a great place to get together, meet some locals, slap a beer and draw my pick for next years road trip.  This brewery here just opened in August and is located at 316 Holoch Street in York, Nebraska. There is no purchase necessary to attend this event. Having a drink or buying food is not a requirement whatsoever, however if you choose to, each attendee will be responsible for their own bill.&lt;/p&gt;

&lt;p&gt;   Each year since 2020 I have picked a U.S. County at random and traveled there to check it out.  I use a random number generator to pick the state, then again use a random number generator to pick the county, both alphabetically.  Towards the end of the event we will be drawing next years destination.  The only catch is no duplicates allowed!&lt;/p&gt;

&lt;p&gt; &lt;/p&gt;

&lt;p&gt;Past trips have included:&lt;/p&gt;

&lt;p&gt;2020 - Ozaukee County, Wisconsin&lt;/p&gt;

&lt;p&gt;2021 - Burleson County, Texas&lt;/p&gt;

&lt;p&gt;2022 - Pawnee County, Nebraska&lt;/p&gt;

&lt;p&gt;2023 - Rice County, Kansas&lt;/p&gt;

&lt;p&gt;2024 - Weston County, Wyoming&lt;/p&gt;

&lt;p&gt;2025 - Payette County, Idaho&lt;/p&gt;
</groundspeak:long_description>
      <groundspeak:encoded_hints>316 Holoch Street York, NE</groundspeak:encoded_hints>
      <groundspeak:logs>
        <groundspeak:log id="1384776810">
          <groundspeak:date>2026-09-16T18:24:38Z</groundspeak:date>
          <groundspeak:type>Write note</groundspeak:type>
          <groundspeak:finder id="2176584">CRKAT</groundspeak:finder>
          <groundspeak:text encoded="False">Our plans have changed, and we will not make the event.  So disappointed.  Have fun.</groundspeak:text>
        </groundspeak:log>
        <groundspeak:log id="1383941000">
          <groundspeak:date>2026-09-12T04:41:54Z</groundspeak:date>
          <groundspeak:type>Will Attend</groundspeak:type>
          <groundspeak:finder id="5417100">THC73*</groundspeak:finder>
          <groundspeak:text encoded="False">Going to try and stop by for a few minutes</groundspeak:text>
        </groundspeak:log>
        <groundspeak:log id="1383844178">
          <groundspeak:date>2026-09-11T14:36:10Z</groundspeak:date>
          <groundspeak:type>Will Attend</groundspeak:type>
          <groundspeak:finder id="2176584">CRKAT</groundspeak:finder>
          <groundspeak:text encoded="False">We have it on our calender, plan on 2.</groundspeak:text>
        </groundspeak:log>
        <groundspeak:log id="1383801560">
          <groundspeak:date>2026-09-11T08:13:50Z</groundspeak:date>
          <groundspeak:type>Publish Listing</groundspeak:type>
          <groundspeak:finder id="531429">Heartland Cacher</groundspeak:finder>
          <groundspeak:text encoded="False">Published</groundspeak:text>
        </groundspeak:log>
      </groundspeak:logs>
    </groundspeak:cache>
  </wpt>
  <wpt lat="41.228213" lon="-96.023428">
    <time>2026-09-19T11:00:00</time>
    <name>GCBXK24</name>
    <desc>Talk Like a Pirate Post CITO by LadyCache, Event Cache (1.0/1.0)</desc>
    <url>https://coord.info/GCBXK24</url>
    <urlname>Talk Like a Pirate Post CITO</urlname>
    <sym>Geocache</sym>
    <type>Geocache|Event Cache</type>
    <groundspeak:cache id="10600084" archived="False" available="True" xmlns:groundspeak="http://www.groundspeak.com/cache/1/0/1">
      <groundspeak:name>Talk Like a Pirate Post CITO</groundspeak:name>
      <groundspeak:placed_by>LadyCache</groundspeak:placed_by>
      <groundspeak:owner id="568858">LadyCache</groundspeak:owner>
      <groundspeak:type>Event Cache</groundspeak:type>
      <groundspeak:container>Other</groundspeak:container>
      <groundspeak:attributes>
        <groundspeak:attribute id="24" inc="1">Wheelchair accessible</groundspeak:attribute>
        <groundspeak:attribute id="6" inc="1">Recommended for kids</groundspeak:attribute>
        <groundspeak:attribute id="25" inc="1">Parking nearby</groundspeak:attribute>
        <groundspeak:attribute id="36" inc="0">Snowmobiles</groundspeak:attribute>
      </groundspeak:attributes>
      <groundspeak:difficulty>1.0</groundspeak:difficulty>
      <groundspeak:terrain>1.0</groundspeak:terrain>
      <groundspeak:country>United States</groundspeak:country>
      <groundspeak:state>Nebraska</groundspeak:state>
      <groundspeak:short_description html="True">&lt;b&gt;19 September 2026, 11:00 - 11:45&lt;/b&gt;</groundspeak:short_description>
      <groundspeak:long_description html="True">&lt;h1 style="text-align:center;"&gt;&lt;span style="background-color:#f39c12;"&gt;Talk Like a Pirate CITO Across the World - Bellevue, Nebraska USA&lt;/span&gt;&lt;/h1&gt;

&lt;p&gt; &lt;/p&gt;

&lt;h3&gt;Ahoy, matey! Cast yer good eye on this fine scroll and prepare to talk like a proper buccaneer.&lt;/h3&gt;

&lt;h3&gt; &lt;/h3&gt;

&lt;h3&gt;Come join in the revelry and way yer tongue like a true buccaneer at The Salty Dog Bar &amp;amp; Grill. Plot yer course for &lt;strong&gt;3401 S 72nd St, Omaha, NE 68124&lt;!--TgQPHd|||[]--&gt;&lt;/strong&gt;.&lt;!--TgQPHd|||[]--&gt;&lt;/h3&gt;

&lt;h3&gt; &lt;/h3&gt;

&lt;h3&gt;The horn sounds at &lt;strong&gt;11 bells in the forenoon&lt;!--TgQPHd|||[]--&gt;&lt;/strong&gt;, so there be plenty of daylight to plunder a few hidden treasures along the way as ye sail on over!&lt;/h3&gt;

&lt;h3&gt; &lt;/h3&gt;

&lt;h3&gt;Hear ye, crew! Muster all yer strength and &lt;strong&gt;don yer finest pirate finery&lt;!--TgQPHd|||[]--&gt;&lt;/strong&gt; before ye step aboard! &lt;!--TgQPHd|||[]--&gt;We be demanding every scallywag show up in proper buccaneer garb. Dust off yer tricorn hats. Strap on yer eye patches. Polish yer shiny buckles.&lt;!--TgQPHd|||[]--&gt;&lt;/h3&gt;

&lt;h3&gt; &lt;/h3&gt;

&lt;h3&gt;Let no lily-livered landlubber catch ye in normal clothes! Show yer true colors or prepare to &lt;strong&gt;walk the plank&lt;!--TgQPHd|||[]--&gt;&lt;/strong&gt;!&lt;/h3&gt;

&lt;p&gt; &lt;/p&gt;

&lt;p style="text-align:center;"&gt;&lt;em&gt;As alway, no purchase to attend this event.  Please do not bring outside food or drink.  Thank you.&lt;/em&gt;&lt;/p&gt;

&lt;p style="text-align:center;"&gt; &lt;/p&gt;

&lt;p style="text-align:center;"&gt;&lt;a href="http://nebraskache.com/"&gt;&lt;img height="112" src="https://img.geocaching.com/9102f957-c986-41b5-acdb-a076bd017129.jpg" width="224" /&gt;&lt;/a&gt;&lt;/p&gt;

&lt;p style="text-align:center;"&gt;&lt;a href="http://nebraskache.com/"&gt;Hosted By A Nebraskache Member&lt;/a&gt;&lt;/p&gt;

&lt;p style="text-align:center;"&gt;&lt;a href="https://www.facebook.com/groups/107321656812/"&gt;&lt;img height="68" src="https://s3.amazonaws.com/gs-geo-images/19b6196d-f1d8-431b-9201-f4069d107ada_l.png" width="213" /&gt;&lt;/a&gt;&lt;/p&gt;

&lt;p style="text-align:center;"&gt;As the geocache event owner, I ensure that these links to a local geocaching group that is active in the community and contributing to geocaching in positive ways. This link has not been checked by Geocaching HQ or by the reviewer.&lt;/p&gt;

&lt;p style="text-align:center;"&gt; &lt;/p&gt;

&lt;p style="text-align:center;"&gt; &lt;/p&gt;
</groundspeak:long_description>
      <groundspeak:encoded_hints>
      </groundspeak:encoded_hints>
      <groundspeak:logs>
        <groundspeak:log id="1385245345">
          <groundspeak:date>2026-09-19T19:02:44Z</groundspeak:date>
          <groundspeak:type>Attended</groundspeak:type>
          <groundspeak:finder id="815525">kc0aoo</groundspeak:finder>
          <groundspeak:text encoded="False">Good crowd. Thanks for hosting </groundspeak:text>
        </groundspeak:log>
        <groundspeak:log id="1385236862">
          <groundspeak:date>2026-09-19T19:00:00Z</groundspeak:date>
          <groundspeak:type>Attended</groundspeak:type>
          <groundspeak:finder id="7083719">taxi mom</groundspeak:finder>
          <groundspeak:text encoded="False">New place for us to try, thanks for hosting.</groundspeak:text>
        </groundspeak:log>
        <groundspeak:log id="1385235094">
          <groundspeak:date>2026-09-19T18:24:30Z</groundspeak:date>
          <groundspeak:type>Attended</groundspeak:type>
          <groundspeak:finder id="1720574">Grumble69</groundspeak:finder>
          <groundspeak:text encoded="False">Only able to do a quick stop in. Thanks for hosting.</groundspeak:text>
        </groundspeak:log>
        <groundspeak:log id="1385232389">
          <groundspeak:date>2026-09-19T18:14:04Z</groundspeak:date>
          <groundspeak:type>Attended</groundspeak:type>
          <groundspeak:finder id="5787200">peteach!</groundspeak:finder>
          <groundspeak:text encoded="False">Thanks for the event</groundspeak:text>
        </groundspeak:log>
        <groundspeak:log id="1384696264">
          <groundspeak:date>2026-09-16T02:48:39Z</groundspeak:date>
          <groundspeak:type>Will Attend</groundspeak:type>
          <groundspeak:finder id="815525">kc0aoo</groundspeak:finder>
          <groundspeak:text encoded="False">Planning on it</groundspeak:text>
        </groundspeak:log>
      </groundspeak:logs>
    </groundspeak:cache>
  </wpt>
  <wpt lat="40.596167" lon="-98.42535">
    <time>2026-09-19T09:00:00</time>
    <name>GCBXCFP</name>
    <desc>Breakfast in the Tri Cites Hastings September 2026 by Contryguy, Event Cache (1.0/1.0)</desc>
    <url>https://coord.info/GCBXCFP</url>
    <urlname>Breakfast in the Tri Cites Hastings September 2026</urlname>
    <sym>Geocache</sym>
    <type>Geocache|Event Cache</type>
    <groundspeak:cache id="10593778" archived="False" available="True" xmlns:groundspeak="http://www.groundspeak.com/cache/1/0/1">
      <groundspeak:name>Breakfast in the Tri Cites Hastings September 2026</groundspeak:name>
      <groundspeak:placed_by>Contryguy and negrant</groundspeak:placed_by>
      <groundspeak:owner id="115507">Contryguy</groundspeak:owner>
      <groundspeak:type>Event Cache</groundspeak:type>
      <groundspeak:container>Other</groundspeak:container>
      <groundspeak:attributes>
        <groundspeak:attribute id="24" inc="1">Wheelchair accessible</groundspeak:attribute>
      </groundspeak:attributes>
      <groundspeak:difficulty>1.0</groundspeak:difficulty>
      <groundspeak:terrain>1.0</groundspeak:terrain>
      <groundspeak:country>United States</groundspeak:country>
      <groundspeak:state>Nebraska</groundspeak:state>
      <groundspeak:short_description html="True">&lt;b&gt;19 September 2026, 09:00 - 10:00&lt;/b&gt;</groundspeak:short_description>
      <groundspeak:long_description html="True">&lt;p&gt;This event is being held one week later than normal so everyone will have a chance to attend the 23rd Annual Nebraskache Picnic on Sept 12 being held in Kearney NE.&lt;/p&gt;

&lt;p&gt;Important Announcement - Please log your will attend with number that will be in your party as this place sometimes gets very crowded and you may not be able to sit with our group if we don&amp;#39;t have an accurate count of those attending.&lt;/p&gt;

&lt;p&gt;Come share your stories and enjoy some comaraderie with your fellow Geocachers. You might even get some help with that hard hide or puzzle.&lt;/p&gt;

&lt;p&gt;&lt;big&gt;Where: Sunflower Kitchen&lt;/big&gt;&lt;br /&gt;
1105 Theatre Dr ste 10&lt;br /&gt;
Hastings, NE 68901&lt;br /&gt;
Date: September 19, 2026&lt;br /&gt;
Time: 9:00 A.M. - 10:00ish A.M.&lt;/p&gt;

&lt;p&gt;All ages and all cachers are invited. You can eat. You can drink. You can eat and drink. You can do neither and just show up to chat (no purchase necessary to attend). There is no meeting or agenda - just come and visit and do some geo-socializing with other geocachers. Hope to see you there! Please bring your coins and TBs for discovery, and for everyone else to enjoy!!&lt;/p&gt;

&lt;p&gt; &lt;/p&gt;

&lt;p&gt; &lt;/p&gt;

&lt;p style="text-align:center;"&gt; &lt;/p&gt;

&lt;p style="text-align:center;"&gt;&lt;a href="http://NEbraskache.com"&gt;&lt;img height="112" src="https://img.geocaching.com:443/9102f957-c986-41b5-acdb-a076bd017129.jpg" width="224" /&gt;&lt;/a&gt;&lt;/p&gt;

&lt;p style="text-align:center;"&gt; &lt;/p&gt;

&lt;p style="text-align:center;"&gt;&lt;a href="http://nebraskache.com/"&gt;Hosted By Nebraskache Members&lt;/a&gt;&lt;/p&gt;

&lt;p&gt;                                                                &lt;a href="https://www.facebook.com/groups/107321656812/"&gt;&lt;img src="https://s3.amazonaws.com/gs-geo-images/19b6196d-f1d8-431b-9201-f4069d107ada_l.png" style="height:64px;width:210px;" /&gt;&lt;/a&gt;&lt;/p&gt;

&lt;p&gt;As the event owner, I ensure that these links to a local geocaching group that is active in the community and contributing to geocaching in positive ways. This link has not been checked by Geocaching HQ or by the reviewer.&lt;/p&gt;
</groundspeak:long_description>
      <groundspeak:encoded_hints>
      </groundspeak:encoded_hints>
      <groundspeak:logs>
        <groundspeak:log id="1385304709">
          <groundspeak:date>2026-09-20T02:00:00Z</groundspeak:date>
          <groundspeak:type>Attended</groundspeak:type>
          <groundspeak:finder id="115507">Contryguy</groundspeak:finder>
          <groundspeak:text encoded="False">Big group today.  Thanks for those that attended.</groundspeak:text>
        </groundspeak:log>
        <groundspeak:log id="1385304507">
          <groundspeak:date>2026-09-19T23:30:56Z</groundspeak:date>
          <groundspeak:type>Attended</groundspeak:type>
          <groundspeak:finder id="25918289">Grandma_K</groundspeak:finder>
          <groundspeak:text encoded="False">Good group this morning.  Thanks for hosting</groundspeak:text>
        </groundspeak:log>
        <groundspeak:log id="1385247959">
          <groundspeak:date>2026-09-19T19:13:02Z</groundspeak:date>
          <groundspeak:type>Attended</groundspeak:type>
          <groundspeak:finder id="1596910">Death from Below</groundspeak:finder>
          <groundspeak:text encoded="False">Big pancakes, big group, big fun. Thanks for hosting this event.</groundspeak:text>
        </groundspeak:log>
        <groundspeak:log id="1385190368">
          <groundspeak:date>2026-09-19T19:00:00Z</groundspeak:date>
          <groundspeak:type>Attended</groundspeak:type>
          <groundspeak:finder id="4044933">Jerry+Mary</groundspeak:finder>
          <groundspeak:text encoded="False">Big group.  Thanks for hosting. </groundspeak:text>
        </groundspeak:log>
        <groundspeak:log id="1385225046">
          <groundspeak:date>2026-09-19T17:50:48Z</groundspeak:date>
          <groundspeak:type>Attended</groundspeak:type>
          <groundspeak:finder id="610638">negrant</groundspeak:finder>
          <groundspeak:text encoded="False">Big group today good breakfast</groundspeak:text>
        </groundspeak:log>
      </groundspeak:logs>
    </groundspeak:cache>
  </wpt>
  <wpt lat="41.126133" lon="-95.966933">
    <time>2026-09-19T08:30:00</time>
    <name>GCBVWZJ</name>
    <desc>CITO Across the World -  Bellevue, Nebraska USA by LadyCache, Cache In Trash Out Event (1.0/1.0)</desc>
    <url>https://coord.info/GCBVWZJ</url>
    <urlname>CITO Across the World -  Bellevue, Nebraska USA</urlname>
    <sym>Geocache</sym>
    <type>Geocache|Cache In Trash Out Event</type>
    <groundspeak:cache id="10549072" archived="False" available="False" xmlns:groundspeak="http://www.groundspeak.com/cache/1/0/1">
      <groundspeak:name>CITO Across the World -  Bellevue, Nebraska USA</groundspeak:name>
      <groundspeak:placed_by>LadyCache</groundspeak:placed_by>
      <groundspeak:owner id="568858">LadyCache</groundspeak:owner>
      <groundspeak:type>Cache In Trash Out Event</groundspeak:type>
      <groundspeak:container>Other</groundspeak:container>
      <groundspeak:attributes>
        <groundspeak:attribute id="24" inc="1">Wheelchair accessible</groundspeak:attribute>
        <groundspeak:attribute id="6" inc="1">Recommended for kids</groundspeak:attribute>
        <groundspeak:attribute id="1" inc="1">Dogs</groundspeak:attribute>
        <groundspeak:attribute id="25" inc="1">Parking nearby</groundspeak:attribute>
      </groundspeak:attributes>
      <groundspeak:difficulty>1.0</groundspeak:difficulty>
      <groundspeak:terrain>1.0</groundspeak:terrain>
      <groundspeak:country>United States</groundspeak:country>
      <groundspeak:state>Nebraska</groundspeak:state>
      <groundspeak:short_description html="True">&lt;b&gt;19 September 2026, 08:30 - 09:30&lt;/b&gt;</groundspeak:short_description>
      <groundspeak:long_description html="True">&lt;p&gt;&lt;strong&gt;19 September 2026, 08:30 am - 9:30 am&lt;/strong&gt;&lt;/p&gt;

&lt;p&gt; &lt;/p&gt;

&lt;h1 style="text-align:center;"&gt;&lt;strong&gt;&lt;span style="background-color:#2ecc71;"&gt;CITO   CITO   CITO   CITO   CITO   CITO&lt;/span&gt;&lt;/strong&gt;&lt;/h1&gt;

&lt;p&gt; &lt;/p&gt;

&lt;p style="text-align:center;"&gt;&lt;span style="font-size:16px;"&gt;&lt;strong&gt;Come join the fun of picking up trash along 36th Street between Highway 370 and Capehart Road. &lt;/strong&gt;&lt;/span&gt;&lt;/p&gt;

&lt;p style="text-align:center;"&gt;&lt;span style="font-size:16px;"&gt;&lt;strong&gt;This is the Fall &amp;#39;26 McEvoy CITO!!&lt;/strong&gt;&lt;/span&gt;&lt;/p&gt;

&lt;p style="text-align:center;"&gt;&lt;span style="font-size:16px;"&gt;We will meet at the posted coordinated in the parking lot at St Matthews Church for instructions and bags.  Please bring any gloves and pick up tools you prefer.  &lt;/span&gt;&lt;/p&gt;

&lt;p style="text-align:center;"&gt; &lt;/p&gt;

&lt;p style="text-align:center;"&gt;&lt;span style="font-size:16px;"&gt;This stretch of road has paved sidewalks on both sides of the road in most places. Children must be under supervision of an adult for obvious safety precautions. &lt;/span&gt;&lt;/p&gt;

&lt;p style="text-align:center;"&gt;&lt;span style="font-size:16px;"&gt;After instructions, the group can split up and I can shuttle cachers to the ends for the walk back to the parking lot. &lt;/span&gt;&lt;/p&gt;

&lt;p style="text-align:center;"&gt;&lt;span style="font-size:24px;"&gt;&lt;span style="color:#2ecc71;"&gt;&lt;strong&gt;&lt;span style="background-color:#ffffff;"&gt;Group pictures at end of event.&lt;/span&gt;&lt;/strong&gt;&lt;/span&gt;&lt;/span&gt;&lt;/p&gt;

&lt;p&gt;&lt;em&gt;The McEvoy family has had this stretch of adopt-a-road since 1999, with just one family member able to continue this great service.  I know he will appreciate us geocachers to participate with him.&lt;/em&gt;&lt;/p&gt;

&lt;p&gt; &lt;/p&gt;

&lt;p style="text-align:center;"&gt;&lt;span style="font-size:24px;"&gt;One Day. Many Communities. A World of Difference.&lt;/span&gt;&lt;/p&gt;

&lt;p style="text-align:center;"&gt; &lt;/p&gt;

&lt;p&gt;&lt;span style="font-size:14px;"&gt;&lt;strong&gt;What could happen if geocachers around the world came together on one day to make their communities cleaner?&lt;/strong&gt;&lt;/span&gt;&lt;/p&gt;

&lt;p&gt;&lt;span style="font-size:14px;"&gt;In 2024, a Texan geocacher, Georeyna, came up with the idea to organize a series of CITO ® events held in conjunction with World Cleanup Day. Geocachers throughout Texas would host cleanup events in their own communities on the same day. While each event is locally organized, together they become part of something much bigger: CITO Across Texas was born! &lt;/span&gt;&lt;/p&gt;

&lt;p&gt;&lt;br /&gt;
&lt;span style="font-size:14px;"&gt;The results were tremendous. During 2024 and 2025:&lt;br /&gt;
• More than 50 CITO events were held across Texas.&lt;br /&gt;
• More than 700 volunteers participated.&lt;br /&gt;
• Thousands of pounds of trash were removed from parks, trails, waterways, neighborhoods, and other public spaces.&lt;/span&gt;&lt;/p&gt;

&lt;p&gt;&lt;span style="font-size:14px;"&gt;In 2026, they&amp;#39;re going bigger from CITO Across Texas to&lt;strong&gt; CITO Across the World!&lt;/strong&gt;&lt;/span&gt;&lt;/p&gt;

&lt;p&gt;&lt;span style="font-size:14px;"&gt;The organizer, BE Viking, is hoping to have events hosted in all 50 states and at least 50 other countries. If you&amp;#39;d like to see more about this or would like to host an event, check out the website: &lt;a href="https://citoacrosstheworld.org/"&gt;CitoAcrosstheWorld&lt;/a&gt;.&lt;/span&gt;&lt;/p&gt;

&lt;p&gt;&lt;span style="font-size:14px;"&gt;I was thrilled to be asked to participate. The location is the approx mile between Highway 370 and Capehart Rd.  We&amp;#39;ve CITO&amp;#39;ed lots of trash here the past couple years and looking forward to seeing what we find this year.  Keep track of the most unusual CITO find again this year.  (Last year those pesky little bottles were counted as to how many we collected as well)&lt;/span&gt;&lt;/p&gt;

&lt;h2 style="text-align:center;"&gt;&lt;img src="https://img.geocaching.com:443/3228c529-a555-49ab-93ae-88a39488b495.jpg" /&gt;&lt;/h2&gt;

&lt;p style="text-align:center;"&gt;&lt;span style="font-size:22px;"&gt;One Day -- Every Time Zone&lt;/span&gt;&lt;/p&gt;

&lt;p style="text-align:center;"&gt; &lt;/p&gt;

&lt;p style="text-align:center;"&gt;&lt;img src="https://img.geocaching.com/eb86c82a-4088-4f54-9dab-ead2d30bb5dc.png" /&gt;&lt;/p&gt;

&lt;p style="text-align:center;"&gt; &lt;/p&gt;

&lt;p style="text-align:center;"&gt;&lt;a href="http://nebraskache.com/"&gt;&lt;img height="112" src="https://img.geocaching.com/9102f957-c986-41b5-acdb-a076bd017129.jpg" width="224" /&gt;&lt;/a&gt;&lt;/p&gt;

&lt;p style="text-align:center;"&gt;&lt;a href="http://nebraskache.com/"&gt;Hosted By A Nebraskache Member&lt;/a&gt;&lt;/p&gt;

&lt;p style="text-align:center;"&gt;&lt;a href="https://www.facebook.com/groups/107321656812/"&gt;&lt;img height="68" src="https://s3.amazonaws.com/gs-geo-images/19b6196d-f1d8-431b-9201-f4069d107ada_l.png" width="213" /&gt;&lt;/a&gt;&lt;/p&gt;

&lt;p style="text-align:center;"&gt;As the geocache event owner, I ensure that these links to a local geocaching group that is active in the community and contributing to geocaching in positive ways. This link has not been checked by Geocaching HQ or by the reviewer.&lt;/p&gt;
</groundspeak:long_description>
      <groundspeak:encoded_hints>
      </groundspeak:encoded_hints>
      <groundspeak:logs>
        <groundspeak:log id="1385351915">
          <groundspeak:date>2026-09-20T10:40:37Z</groundspeak:date>
          <groundspeak:type>Temporarily Disable Listing</groundspeak:type>
          <groundspeak:finder id="568858">LadyCache</groundspeak:finder>
          <groundspeak:text encoded="False">yep, we picked up some trash</groundspeak:text>
        </groundspeak:log>
        <groundspeak:log id="1385333251">
          <groundspeak:date>2026-09-19T19:00:00Z</groundspeak:date>
          <groundspeak:type>Attended</groundspeak:type>
          <groundspeak:finder id="568858">LadyCache</groundspeak:finder>
          <groundspeak:text encoded="False">Nice weather, glad it didn't rain.  We were surprised at how much less we picked up this time compared to the other spring and fall CITOs along this mile stretch of the road.  The odd ball things this morning were the corelle plate (and no chips at that) and a circular disk of cement from what looked like maybe the bottom of a work bucket.  So just a few of the little plastic liquor bottles, which was nice.  </groundspeak:text>
        </groundspeak:log>
        <groundspeak:log id="1385226622">
          <groundspeak:date>2026-09-19T17:55:31Z</groundspeak:date>
          <groundspeak:type>Attended</groundspeak:type>
          <groundspeak:finder id="815525">kc0aoo</groundspeak:finder>
          <groundspeak:text encoded="False">I really enjoyed event. Thanks for hosting </groundspeak:text>
        </groundspeak:log>
        <groundspeak:log id="1385221469">
          <groundspeak:date>2026-09-19T17:38:28Z</groundspeak:date>
          <groundspeak:type>Attended</groundspeak:type>
          <groundspeak:finder id="1720574">Grumble69</groundspeak:finder>
          <groundspeak:text encoded="False">As always an enjoyable time working with others. Smaller group, but we did the job. Thanks for arranging this and look forward to the next time.</groundspeak:text>
        </groundspeak:log>
        <groundspeak:log id="1385239408">
          <groundspeak:date>2026-09-19T16:40:35Z</groundspeak:date>
          <groundspeak:type>Attended</groundspeak:type>
          <groundspeak:finder id="2318615">bhjalarson</groundspeak:finder>
          <groundspeak:text encoded="False">Good morning for the CITO.  </groundspeak:text>
        </groundspeak:log>
      </groundspeak:logs>
    </groundspeak:cache>
  </wpt>
  <wpt lat="40.7862" lon="-96.653183">
    <time>2026-09-16T17:45:00</time>
    <name>GCBX3ZW</name>
    <desc>Let's EAT! CLI (151) - September 2026 by LadyGunslinger, Event Cache (1.0/1.0)</desc>
    <url>https://coord.info/GCBX3ZW</url>
    <urlname>Let's EAT! CLI (151) - September 2026</urlname>
    <sym>Geocache</sym>
    <type>Geocache|Event Cache</type>
    <groundspeak:cache id="10585599" archived="False" available="True" xmlns:groundspeak="http://www.groundspeak.com/cache/1/0/1">
      <groundspeak:name>Let's EAT! CLI (151) - September 2026</groundspeak:name>
      <groundspeak:placed_by>LadyGunslinger</groundspeak:placed_by>
      <groundspeak:owner id="841414">LadyGunslinger</groundspeak:owner>
      <groundspeak:type>Event Cache</groundspeak:type>
      <groundspeak:container>Other</groundspeak:container>
      <groundspeak:attributes>
        <groundspeak:attribute id="24" inc="1">Wheelchair accessible</groundspeak:attribute>
        <groundspeak:attribute id="1" inc="0">Dogs</groundspeak:attribute>
        <groundspeak:attribute id="25" inc="1">Parking nearby</groundspeak:attribute>
        <groundspeak:attribute id="28" inc="1">Public restrooms nearby</groundspeak:attribute>
        <groundspeak:attribute id="59" inc="1">Food nearby</groundspeak:attribute>
        <groundspeak:attribute id="27" inc="1">Drinking water nearby</groundspeak:attribute>
        <groundspeak:attribute id="26" inc="1">Public transportation nearby</groundspeak:attribute>
        <groundspeak:attribute id="33" inc="1">Motorcycles</groundspeak:attribute>
        <groundspeak:attribute id="58" inc="1">Fuel nearby</groundspeak:attribute>
      </groundspeak:attributes>
      <groundspeak:difficulty>1.0</groundspeak:difficulty>
      <groundspeak:terrain>1.0</groundspeak:terrain>
      <groundspeak:country>United States</groundspeak:country>
      <groundspeak:state>Nebraska</groundspeak:state>
      <groundspeak:short_description html="True">&lt;b&gt;16 September 2026, 17:45 - 19:45&lt;/b&gt;</groundspeak:short_description>
      <groundspeak:long_description html="True">&lt;p&gt;An ongoing monthly Geocaching Dinner Event in Lincoln, open to everyone, especially good for geocachers new to the game. It&amp;#39;s a great way to get tips and tricks, or help. Local and out-of-town geocachers are welcome and encouraged to attend. No 4-legged cachers here, sorry. Unless it&amp;#39;s a service dog, then that&amp;#39;s okay. No purchase is required to attend this event. Come join us for a nice suppertime get-together. This will be a great opportunity to plan a weekend geocaching trip with other cachers, ask for help on those caches or puzzle caches that are driving you crazy, trade/share Travel Bugs and/or other trackable items, or just have a nice dinner and trade geocaching stories or talk about whatever. Location: The Eatery, 2548 S. 48th Street, Lincoln Date: Wednesday, September 16th Start Time: 5:45 pm / End Time: 7:45 pm (end time varies, but restaurant closes at 8:00) We will have the party room, so if you’ll please log a Will Attend I can tell them an approximate number to expect they will be sure to have appropriate staff on hand to take care of us!&lt;/p&gt;
</groundspeak:long_description>
      <groundspeak:encoded_hints>In the party room.</groundspeak:encoded_hints>
      <groundspeak:logs>
        <groundspeak:log id="1384822711">
          <groundspeak:date>2026-09-17T01:50:21Z</groundspeak:date>
          <groundspeak:type>Attended</groundspeak:type>
          <groundspeak:finder id="815525">kc0aoo</groundspeak:finder>
          <groundspeak:text encoded="False">Nice crowd. Thanks for hosting </groundspeak:text>
        </groundspeak:log>
        <groundspeak:log id="1384821522">
          <groundspeak:date>2026-09-17T01:11:16Z</groundspeak:date>
          <groundspeak:type>Attended</groundspeak:type>
          <groundspeak:finder id="5787200">peteach!</groundspeak:finder>
          <groundspeak:text encoded="False">Fun group</groundspeak:text>
        </groundspeak:log>
        <groundspeak:log id="1384820998">
          <groundspeak:date>2026-09-17T00:59:02Z</groundspeak:date>
          <groundspeak:type>Attended</groundspeak:type>
          <groundspeak:finder id="1411659">starsharon + Hubbie</groundspeak:finder>
          <groundspeak:text encoded="False">Fun group!!</groundspeak:text>
        </groundspeak:log>
        <groundspeak:log id="1385098560">
          <groundspeak:date>2026-09-17T00:45:00Z</groundspeak:date>
          <groundspeak:type>Attended</groundspeak:type>
          <groundspeak:finder id="4887773">CRBS-</groundspeak:finder>
          <groundspeak:text encoded="False">Forgot to log this on 16th. Sorry. </groundspeak:text>
        </groundspeak:log>
        <groundspeak:log id="1384791614">
          <groundspeak:date>2026-09-16T20:09:11Z</groundspeak:date>
          <groundspeak:type>Will Attend</groundspeak:type>
          <groundspeak:finder id="4887773">CRBS-</groundspeak:finder>
          <groundspeak:text encoded="False">I shall be there tonight, after work in Milligan. Can't wait to see all of you. </groundspeak:text>
        </groundspeak:log>
      </groundspeak:logs>
    </groundspeak:cache>
  </wpt>
  <wpt lat="41.171967" lon="-96.075833">
    <time>2026-09-15T17:00:00</time>
    <name>GCBXCHZ</name>
    <desc>Geo Happy Hour - 15 September 2026 by Shadow Chasers, Event Cache (1.0/1.0)</desc>
    <url>https://coord.info/GCBXCHZ</url>
    <urlname>Geo Happy Hour - 15 September 2026</urlname>
    <sym>Geocache</sym>
    <type>Geocache|Event Cache</type>
    <groundspeak:cache id="10593848" archived="False" available="True" xmlns:groundspeak="http://www.groundspeak.com/cache/1/0/1">
      <groundspeak:name>Geo Happy Hour - 15 September 2026</groundspeak:name>
      <groundspeak:placed_by>Shadow Chasers</groundspeak:placed_by>
      <groundspeak:owner id="1033306">Shadow Chasers</groundspeak:owner>
      <groundspeak:type>Event Cache</groundspeak:type>
      <groundspeak:container>Other</groundspeak:container>
      <groundspeak:attributes>
        <groundspeak:attribute id="24" inc="1">Wheelchair accessible</groundspeak:attribute>
        <groundspeak:attribute id="6" inc="1">Recommended for kids</groundspeak:attribute>
        <groundspeak:attribute id="41" inc="1">Stroller accessible</groundspeak:attribute>
        <groundspeak:attribute id="1" inc="1">Dogs</groundspeak:attribute>
        <groundspeak:attribute id="25" inc="1">Parking nearby</groundspeak:attribute>
        <groundspeak:attribute id="32" inc="1">Bicycles</groundspeak:attribute>
        <groundspeak:attribute id="63" inc="1">Recommended for tourists</groundspeak:attribute>
        <groundspeak:attribute id="30" inc="1">Picnic tables nearby</groundspeak:attribute>
        <groundspeak:attribute id="28" inc="1">Public restrooms nearby</groundspeak:attribute>
        <groundspeak:attribute id="59" inc="1">Food nearby</groundspeak:attribute>
        <groundspeak:attribute id="27" inc="1">Drinking water nearby</groundspeak:attribute>
        <groundspeak:attribute id="33" inc="1">Motorcycles</groundspeak:attribute>
        <groundspeak:attribute id="38" inc="1">Campfires</groundspeak:attribute>
      </groundspeak:attributes>
      <groundspeak:difficulty>1.0</groundspeak:difficulty>
      <groundspeak:terrain>1.0</groundspeak:terrain>
      <groundspeak:country>United States</groundspeak:country>
      <groundspeak:state>Nebraska</groundspeak:state>
      <groundspeak:short_description html="True">&lt;b&gt;15 September 2026, 17:00 - 19:00&lt;/b&gt;</groundspeak:short_description>
      <groundspeak:long_description html="True">&lt;p&gt;This event provides an opportunity to gather with fellow geocachers to tell some geocaching stories, plan your next caching adventure, exchange puzzle hints and trackables,&amp;nbsp;catch up with old geo-friends, or make some new ones.&lt;/p&gt;

&lt;p&gt;Kros Strain,&amp;nbsp;10411 Portal Road&lt;/p&gt;

&lt;p&gt;Weather permitting we will plan to meet&amp;nbsp;on the handicap accessible and dog friendly patio.&amp;nbsp; The fire pit will be going if it is cool, and if it rains there is plenty of indoor seating.&amp;nbsp;&lt;/p&gt;

&lt;p&gt;There will be a food truck on site from 5-8 pm.&amp;nbsp; As always, no purchase is required&amp;nbsp;to attend this event, just swing by&amp;nbsp;and say hello!&amp;nbsp;&amp;nbsp;&lt;/p&gt;
</groundspeak:long_description>
      <groundspeak:encoded_hints>
      </groundspeak:encoded_hints>
      <groundspeak:logs>
        <groundspeak:log id="1384697156">
          <groundspeak:date>2026-09-16T03:21:33Z</groundspeak:date>
          <groundspeak:type>Attended</groundspeak:type>
          <groundspeak:finder id="2315313">fishbait234</groundspeak:finder>
          <groundspeak:text encoded="False">It was nice being able to attend and seeing everyone. Thanks for hosting! </groundspeak:text>
        </groundspeak:log>
        <groundspeak:log id="1384692467">
          <groundspeak:date>2026-09-16T01:21:59Z</groundspeak:date>
          <groundspeak:type>Attended</groundspeak:type>
          <groundspeak:finder id="28905599">Shelbyyy919</groundspeak:finder>
          <groundspeak:text encoded="False">I was here!</groundspeak:text>
        </groundspeak:log>
        <groundspeak:log id="1384687750">
          <groundspeak:date>2026-09-15T23:55:48Z</groundspeak:date>
          <groundspeak:type>Will Attend</groundspeak:type>
          <groundspeak:finder id="28905599">Shelbyyy919</groundspeak:finder>
          <groundspeak:text encoded="False">Yes </groundspeak:text>
        </groundspeak:log>
        <groundspeak:log id="1384697071">
          <groundspeak:date>2026-09-15T19:00:00Z</groundspeak:date>
          <groundspeak:type>Attended</groundspeak:type>
          <groundspeak:finder id="2043214">WadeLori</groundspeak:finder>
          <groundspeak:text encoded="False">Great day for Geocaching, almost any day is good for that.
I love it when we get free time to go outside and play.

I'm on vacation! Where else would we want to go but to happy hour!  First to arrive, first to leave... Only to celebrate LLO 8th birthday dinner. Great conversation and friends tonight.
All is well here. 
TFTC

12557</groundspeak:text>
        </groundspeak:log>
        <groundspeak:log id="1384694949">
          <groundspeak:date>2026-09-15T19:00:00Z</groundspeak:date>
          <groundspeak:type>Attended</groundspeak:type>
          <groundspeak:finder id="3136658">3omahakids</groundspeak:finder>
          <groundspeak:text encoded="False">Better late than never!  TFTE</groundspeak:text>
        </groundspeak:log>
      </groundspeak:logs>
    </groundspeak:cache>
  </wpt>
  <wpt lat="40.653183" lon="-98.99735">
    <time>2026-09-13T08:00:00</time>
    <name>GCBW6GV</name>
    <desc>Pancake Breakfast 2026 by BBM&amp;J, Event Cache (1.0/1.0)</desc>
    <url>https://coord.info/GCBW6GV</url>
    <urlname>Pancake Breakfast 2026</urlname>
    <sym>Geocache</sym>
    <type>Geocache|Event Cache</type>
    <groundspeak:cache id="10558256" archived="False" available="True" xmlns:groundspeak="http://www.groundspeak.com/cache/1/0/1">
      <groundspeak:name>Pancake Breakfast 2026</groundspeak:name>
      <groundspeak:placed_by>BBM&amp;J</groundspeak:placed_by>
      <groundspeak:owner id="143752">BBM&amp;J</groundspeak:owner>
      <groundspeak:type>Event Cache</groundspeak:type>
      <groundspeak:container>Other</groundspeak:container>
      <groundspeak:attributes>
        <groundspeak:attribute id="24" inc="1">Wheelchair accessible</groundspeak:attribute>
        <groundspeak:attribute id="41" inc="1">Stroller accessible</groundspeak:attribute>
        <groundspeak:attribute id="7" inc="1">Takes less than one hour</groundspeak:attribute>
        <groundspeak:attribute id="30" inc="1">Picnic tables nearby</groundspeak:attribute>
        <groundspeak:attribute id="28" inc="1">Public restrooms nearby</groundspeak:attribute>
        <groundspeak:attribute id="31" inc="1">Camping nearby</groundspeak:attribute>
      </groundspeak:attributes>
      <groundspeak:difficulty>1.0</groundspeak:difficulty>
      <groundspeak:terrain>1.0</groundspeak:terrain>
      <groundspeak:country>United States</groundspeak:country>
      <groundspeak:state>Nebraska</groundspeak:state>
      <groundspeak:short_description html="True">&lt;b&gt;13 September 2026, 08:00 - 09:00&lt;/b&gt;</groundspeak:short_description>
      <groundspeak:long_description html="True">&lt;p style="text-align:center;"&gt;&lt;span style="font-size:36px;"&gt;Pancake Breakfast&lt;/span&gt;&lt;/p&gt;

&lt;p&gt;The breakfast wraps up the weekend and takes place in the Fort Kearney State Recreation area a will run from approximately 8:00 A.M. - 9:00 A.M. on Sunday, September 13th 202 taking place at the shelter near camp site 69&lt;/p&gt;

&lt;p&gt;We will be making pancakes and holding a freewill donation.  Anything donated over the cost of breakfast supplies will be donated back to Nebraskache. Flatware, plates, and napkins will be provided. Gluten free pancakes will be available, just let us know&lt;/p&gt;

&lt;p&gt;NOTE: a valid NE State park permit is required. Permits are avaiable at the park entrance.&lt;/p&gt;

&lt;p&gt; Please post your &amp;quot;Will Attend&amp;quot; with number coming so we can plan food accordingly.&lt;/p&gt;


 

</groundspeak:long_description>
      <groundspeak:encoded_hints>
      </groundspeak:encoded_hints>
      <groundspeak:logs>
        <groundspeak:log id="1384400935">
          <groundspeak:date>2026-09-13T19:00:00Z</groundspeak:date>
          <groundspeak:type>Attended</groundspeak:type>
          <groundspeak:finder id="841414">LadyGunslinger</groundspeak:finder>
          <groundspeak:text encoded="False">The BEST way to cap off the weekend of fun events!  You can never go wrong with pancakes and sausage!  Thanks BBM&amp;J for hosting and providing the best pancakes!</groundspeak:text>
        </groundspeak:log>
        <groundspeak:log id="1384294679">
          <groundspeak:date>2026-09-13T19:00:00Z</groundspeak:date>
          <groundspeak:type>Attended</groundspeak:type>
          <groundspeak:finder id="214408">cachephrase</groundspeak:finder>
          <groundspeak:text encoded="False">Yummy pancakes and sausage. Thanks for cooking a great breakfast for us to cap off a fun picnic weekend!</groundspeak:text>
        </groundspeak:log>
        <groundspeak:log id="1384286772">
          <groundspeak:date>2026-09-13T19:00:00Z</groundspeak:date>
          <groundspeak:type>Attended</groundspeak:type>
          <groundspeak:finder id="5202283">RBMAN</groundspeak:finder>
          <groundspeak:text encoded="False">I was there!</groundspeak:text>
        </groundspeak:log>
        <groundspeak:log id="1384279734">
          <groundspeak:date>2026-09-13T19:00:00Z</groundspeak:date>
          <groundspeak:type>Attended</groundspeak:type>
          <groundspeak:finder id="749127">billkat</groundspeak:finder>
          <groundspeak:text encoded="False">That was yum!  Thanks!</groundspeak:text>
        </groundspeak:log>
        <groundspeak:log id="1384328106">
          <groundspeak:date>2026-09-13T19:00:00Z</groundspeak:date>
          <groundspeak:type>Attended</groundspeak:type>
          <groundspeak:finder id="2043214">WadeLori</groundspeak:finder>
          <groundspeak:text encoded="False">Great day for Geocaching, almost any day is good for that.
I love it when we get free time to go outside and play.

I'm on vacation! Where else would we want to go but Western and Central Nebraska. Just hanging out and finding a few in our path.

Thanks for the pancakes and sausage! Great way to start the day but end the event this year. 
All is well here!
TFTC

12555</groundspeak:text>
        </groundspeak:log>
        <groundspeak:log id="1379103738">
          <groundspeak:date>2026-08-16T19:00:00Z</groundspeak:date>
          <groundspeak:type>Will Attend</groundspeak:type>
          <groundspeak:finder id="3067478">JavaJudt</groundspeak:finder>
          <groundspeak:text encoded="False">Planning on it!</groundspeak:text>
        </groundspeak:log>
      </groundspeak:logs>
    </groundspeak:cache>
  </wpt>
  <wpt lat="40.653181" lon="-98.99735">
    <time>2026-09-12T11:30:00</time>
    <name>GCBNTAM</name>
    <desc>23rd Annual Nebraskache Picnic by Nebraskache, Event Cache (1.0/1.5)</desc>
    <url>https://coord.info/GCBNTAM</url>
    <urlname>23rd Annual Nebraskache Picnic</urlname>
    <sym>Geocache</sym>
    <type>Geocache|Event Cache</type>
    <groundspeak:cache id="10397577" archived="False" available="True" xmlns:groundspeak="http://www.groundspeak.com/cache/1/0/1">
      <groundspeak:name>23rd Annual Nebraskache Picnic</groundspeak:name>
      <groundspeak:placed_by>Nebraskache</groundspeak:placed_by>
      <groundspeak:owner id="157466">Nebraskache</groundspeak:owner>
      <groundspeak:type>Event Cache</groundspeak:type>
      <groundspeak:container>Other</groundspeak:container>
      <groundspeak:attributes>
        <groundspeak:attribute id="6" inc="1">Recommended for kids</groundspeak:attribute>
        <groundspeak:attribute id="41" inc="1">Stroller accessible</groundspeak:attribute>
        <groundspeak:attribute id="1" inc="1">Dogs</groundspeak:attribute>
        <groundspeak:attribute id="8" inc="1">Scenic view</groundspeak:attribute>
        <groundspeak:attribute id="2" inc="1">Access/parking fee</groundspeak:attribute>
        <groundspeak:attribute id="32" inc="1">Bicycles</groundspeak:attribute>
        <groundspeak:attribute id="30" inc="1">Picnic tables nearby</groundspeak:attribute>
        <groundspeak:attribute id="28" inc="1">Public restrooms nearby</groundspeak:attribute>
        <groundspeak:attribute id="33" inc="1">Motorcycles</groundspeak:attribute>
        <groundspeak:attribute id="46" inc="1">Trucks/RVs</groundspeak:attribute>
        <groundspeak:attribute id="58" inc="0">Fuel nearby</groundspeak:attribute>
        <groundspeak:attribute id="31" inc="1">Camping nearby</groundspeak:attribute>
        <groundspeak:attribute id="38" inc="1">Campfires</groundspeak:attribute>
        <groundspeak:attribute id="64" inc="0">Tree climbing required</groundspeak:attribute>
        <groundspeak:attribute id="19" inc="1">Ticks</groundspeak:attribute>
      </groundspeak:attributes>
      <groundspeak:difficulty>1.0</groundspeak:difficulty>
      <groundspeak:terrain>1.5</groundspeak:terrain>
      <groundspeak:country>United States</groundspeak:country>
      <groundspeak:state>Nebraska</groundspeak:state>
      <groundspeak:short_description html="True">&lt;b&gt;12 September 2026, 11:30 - 13:30&lt;/b&gt;</groundspeak:short_description>
      <groundspeak:long_description html="True">&lt;h1 style="text-align:center;"&gt;Nebraskache Presents&lt;/h1&gt;

&lt;h1 style="text-align:center;"&gt;The 23rd Annual Nebraskache Picnic&lt;/h1&gt;

&lt;p&gt; &lt;/p&gt;

&lt;p&gt;&lt;span style="font-size:16px;"&gt;Join us for the 2026 Nebraskache Picnic on Saturday, September 12th at the Fort Kearny State Recreation Area near Kearney, Nebraska. The day&amp;#39;s festivities will begin at 11:30 AM. This year’s gathering will take place at the shelter near Campsite 69.&lt;/span&gt;&lt;/p&gt;

&lt;p&gt;&lt;span style="font-size:16px;"&gt;Nebraskache will be grilling hamburgers and hot dogs. This is a potluck-style event, so we ask that you bring a side dish or dessert to share with others in attendance. Nebraskache will provide tableware, plates, buns, and condiments.&lt;/span&gt;&lt;/p&gt;

&lt;p&gt;&lt;span style="font-size:16px;"&gt;After lunch, we&amp;#39;ll present milestone awards (&lt;a href="https://docs.google.com/forms/d/e/1FAIpQLScXoYE3RNeB97MfGUCD0WhkytYQ1MExRJUbC5sfNWgGK5gRUA/viewform?c=0&amp;amp;w=1" target="_blank"&gt;submit your milestone here!&lt;/a&gt;), give away door prizes, and enjoy time together sharing stories with fellow geocachers. There will be additional activities throughout the afternoon. Stay tuned for updates as plans are finalized!&lt;/span&gt;&lt;/p&gt;

&lt;p&gt;&lt;span style="font-size:16px;"&gt;We’ll reconvene in the evening at 7:30 P.M. for a campfire featuring cobbler and your best geo-stories.&lt;/span&gt;&lt;/p&gt;

&lt;p&gt;&lt;span style="font-size:16px;"&gt;Whether you are new to geocaching or a seasoned cacher, we invite you to join us for a day of fun - and quite possibly some geocaching! Not a Nebraskache member? No worries! Everyone is welcome to attend and take part in all the activities. You can become a member for free on the Nebraskache &lt;a href="https://nebraskache.com/membership" target="_blank"&gt;website&lt;/a&gt;.&lt;/span&gt;&lt;/p&gt;

&lt;p&gt;&lt;span style="font-size:16px;"&gt;Please post your “Will Attend” with the number in your group so we can plan food accordingly. Keep your eye out for updates and announcments as the event date gets closer. Not sure if you&amp;#39;re attending yet? Add the event to your Geocaching watchlist to be notified of new announcements.&lt;/span&gt;&lt;/p&gt;

&lt;p&gt; &lt;/p&gt;

&lt;p&gt;&lt;span style="color:#e74c3c;"&gt;&lt;span style="font-size:16px;"&gt;Heads up! A valid Nebraska State Park vehicle permit is required for entry to the recreation area. Daily and annual permits are available.&lt;/span&gt;&lt;/span&gt;&lt;/p&gt;

&lt;p&gt; &lt;/p&gt;

&lt;div style="text-align:center;"&gt;&lt;a href="https://nebraskache.com" target="_blank"&gt;&lt;img height="112" src="https://img.geocaching.com:443/9102f957-c986-41b5-acdb-a076bd017129.jpg" width="224" /&gt;&lt;/a&gt; &lt;a href="https://www.facebook.com/groups/107321656812/" target="_blank" style="margin:0px;padding:0px;color:rgb(61, 118, 197);font-family:inherit;font-size:13.93px;font-style:normal;font-weight:400;text-decoration:none;vertical-align:baseline;"&gt;&lt;img src="https://s3.amazonaws.com/gs-geo-images/19b6196d-f1d8-431b-9201-f4069d107ada_l.png" style="height:64px;width:210px;" /&gt;&lt;/a&gt;&lt;/div&gt;

&lt;div style="text-align:center;"&gt; &lt;/div&gt;

&lt;p style="margin-left:0px;margin-right:0px;text-align:center;"&gt;&lt;a href="https://nebraskache.com/" target="_blank" style="margin:0px;padding:0px;color:rgb(61, 118, 197);font-family:inherit;font-size:13.93px;font-style:normal;font-weight:400;text-decoration:none;vertical-align:baseline;"&gt;Hosted By Nebraskache&lt;/a&gt;&lt;/p&gt;

&lt;p style="margin-left:0px;margin-right:0px;text-align:center;"&gt; &lt;/p&gt;
</groundspeak:long_description>
      <groundspeak:encoded_hints>
      </groundspeak:encoded_hints>
      <groundspeak:logs>
        <groundspeak:log id="1384280881">
          <groundspeak:date>2026-09-13T02:00:00Z</groundspeak:date>
          <groundspeak:type>Attended</groundspeak:type>
          <groundspeak:finder id="115507">Contryguy</groundspeak:finder>
          <groundspeak:text encoded="False">Sorry we couldn't stay for the fun but we had a wedding in Kearney today.</groundspeak:text>
        </groundspeak:log>
        <groundspeak:log id="1384148222">
          <groundspeak:date>2026-09-12T23:01:41Z</groundspeak:date>
          <groundspeak:type>Will Attend</groundspeak:type>
          <groundspeak:finder id="749127">billkat</groundspeak:finder>
          <groundspeak:text encoded="False">Nebraska geocachers know how to put on a great picnic!  Thanks!</groundspeak:text>
        </groundspeak:log>
        <groundspeak:log id="1384145116">
          <groundspeak:date>2026-09-12T22:42:59Z</groundspeak:date>
          <groundspeak:type>Attended</groundspeak:type>
          <groundspeak:finder id="1411659">starsharon + Hubbie</groundspeak:finder>
          <groundspeak:text encoded="False">Had a great time!!!</groundspeak:text>
        </groundspeak:log>
        <groundspeak:log id="1384132313">
          <groundspeak:date>2026-09-12T21:37:56Z</groundspeak:date>
          <groundspeak:type>Attended</groundspeak:type>
          <groundspeak:finder id="47345926">yungmoneyjaxsen</groundspeak:finder>
          <groundspeak:text encoded="False">It was a blast it was fun talked with people as well thank you for hosting it!!</groundspeak:text>
        </groundspeak:log>
        <groundspeak:log id="1384131961">
          <groundspeak:date>2026-09-12T21:36:38Z</groundspeak:date>
          <groundspeak:type>Attended</groundspeak:type>
          <groundspeak:finder id="990479">8601delphinium</groundspeak:finder>
          <groundspeak:text encoded="False">I came, I cooked, I ate, I conversed.  Thanks for the event!!</groundspeak:text>
        </groundspeak:log>
        <groundspeak:log id="1357822845">
          <groundspeak:date>2026-04-28T19:00:00Z</groundspeak:date>
          <groundspeak:type>Will Attend</groundspeak:type>
          <groundspeak:finder id="3067478">JavaJudt</groundspeak:finder>
          <groundspeak:text encoded="False">Looking forward to it!</groundspeak:text>
        </groundspeak:log>
      </groundspeak:logs>
    </groundspeak:cache>
  </wpt>
  <wpt lat="41.265233" lon="-96.039317">
    <time>2026-09-12T08:00:00</time>
    <name>GCBW3WP</name>
    <desc>Geo Breakfast September by luvkenya, Event Cache (1.0/1.0)</desc>
    <url>https://coord.info/GCBW3WP</url>
    <urlname>Geo Breakfast September</urlname>
    <sym>Geocache</sym>
    <type>Geocache|Event Cache</type>
    <groundspeak:cache id="10555710" archived="False" available="True" xmlns:groundspeak="http://www.groundspeak.com/cache/1/0/1">
      <groundspeak:name>Geo Breakfast September</groundspeak:name>
      <groundspeak:placed_by>luvkenya</groundspeak:placed_by>
      <groundspeak:owner id="12391189">luvkenya</groundspeak:owner>
      <groundspeak:type>Event Cache</groundspeak:type>
      <groundspeak:container>Other</groundspeak:container>
      <groundspeak:attributes>
        <groundspeak:attribute id="24" inc="1">Wheelchair accessible</groundspeak:attribute>
        <groundspeak:attribute id="41" inc="1">Stroller accessible</groundspeak:attribute>
        <groundspeak:attribute id="25" inc="1">Parking nearby</groundspeak:attribute>
      </groundspeak:attributes>
      <groundspeak:difficulty>1.0</groundspeak:difficulty>
      <groundspeak:terrain>1.0</groundspeak:terrain>
      <groundspeak:country>United States</groundspeak:country>
      <groundspeak:state>Nebraska</groundspeak:state>
      <groundspeak:short_description html="True">&lt;b&gt;12 September 2026, 08:00 - 09:00&lt;/b&gt;</groundspeak:short_description>
      <groundspeak:long_description html="True">&lt;p&gt;Geo Breakfast September&lt;/p&gt;

&lt;p&gt;&lt;strong&gt;8 am - 9 am&lt;/strong&gt;&lt;/p&gt;

&lt;p&gt;&amp;nbsp;&lt;/p&gt;

&lt;p&gt;Please join your fellow cachers for the monthly HyVee Deli Caching Breakfast.&amp;nbsp;&lt;/p&gt;

&lt;p&gt;Come enjoy a meal together or just swap stories and adventures from the trail.&amp;nbsp;&amp;nbsp;&lt;/p&gt;

&lt;p&gt;&amp;nbsp;&lt;/p&gt;

&lt;p&gt;The deli is wheelchair accessible and offers three options: a full breakfast menu, purchase something from the store and eat it at the event, or just join us for the fun (no purchase necessary).&lt;/p&gt;

&lt;p&gt;&amp;nbsp;&lt;/p&gt;

&lt;p&gt;&lt;em&gt;*as always, no purchase required to attend*&lt;/em&gt;&lt;/p&gt;
&lt;p&gt;Additional Waypoints&lt;/p&gt;R0BW3WP - HyVee Store&lt;br /&gt;N 41° 15.945 W 096° 02.394&lt;br /&gt;Cafeteria in the HyVee Store&lt;br /&gt;</groundspeak:long_description>
      <groundspeak:encoded_hints>
      </groundspeak:encoded_hints>
      <groundspeak:logs>
        <groundspeak:log id="1384027048">
          <groundspeak:date>2026-09-12T19:00:00Z</groundspeak:date>
          <groundspeak:type>Attended</groundspeak:type>
          <groundspeak:finder id="1253738">Monty12</groundspeak:finder>
          <groundspeak:text encoded="False">Small gathering but nice conversation.   Thanks for hosting.</groundspeak:text>
        </groundspeak:log>
        <groundspeak:log id="1384038044">
          <groundspeak:date>2026-09-12T15:54:52Z</groundspeak:date>
          <groundspeak:type>Attended</groundspeak:type>
          <groundspeak:finder id="15311687">MzunguDeb</groundspeak:finder>
          <groundspeak:text encoded="False">Good time 
</groundspeak:text>
        </groundspeak:log>
        <groundspeak:log id="1384037679">
          <groundspeak:date>2026-09-12T15:54:49Z</groundspeak:date>
          <groundspeak:type>Attended</groundspeak:type>
          <groundspeak:finder id="12391189">luvkenya</groundspeak:finder>
          <groundspeak:text encoded="False">Enjoyed the visit with all.  6 of us came.</groundspeak:text>
        </groundspeak:log>
        <groundspeak:log id="1384033428">
          <groundspeak:date>2026-09-12T15:40:24Z</groundspeak:date>
          <groundspeak:type>Attended</groundspeak:type>
          <groundspeak:finder id="15777154">kilroy18</groundspeak:finder>
          <groundspeak:text encoded="False">A nice turnout.  Thanks for hosting. </groundspeak:text>
        </groundspeak:log>
        <groundspeak:log id="1384441489">
          <groundspeak:date>2026-09-12T15:00:00Z</groundspeak:date>
          <groundspeak:type>Attended</groundspeak:type>
          <groundspeak:finder id="4119598">Mizz Piggy</groundspeak:finder>
          <groundspeak:text encoded="False">Attended with Bill my bear.  Always a fun time with these good people!  Thanks for hosting!</groundspeak:text>
        </groundspeak:log>
      </groundspeak:logs>
    </groundspeak:cache>
  </wpt>
  <wpt lat="40.756917" lon="-96.653167">
    <time>2026-09-03T11:45:00</time>
    <name>GCBVXF2</name>
    <desc>Lunch For A Little Cache Redux #62 by starsharon + Hubbie, Event Cache (1.0/1.0)</desc>
    <url>https://coord.info/GCBVXF2</url>
    <urlname>Lunch For A Little Cache Redux #62</urlname>
    <sym>Geocache</sym>
    <type>Geocache|Event Cache</type>
    <groundspeak:cache id="10549552" archived="False" available="True" xmlns:groundspeak="http://www.groundspeak.com/cache/1/0/1">
      <groundspeak:name>Lunch For A Little Cache Redux #62</groundspeak:name>
      <groundspeak:placed_by>starsharon and peteach!</groundspeak:placed_by>
      <groundspeak:owner id="1411659">starsharon + Hubbie</groundspeak:owner>
      <groundspeak:type>Event Cache</groundspeak:type>
      <groundspeak:container>Other</groundspeak:container>
      <groundspeak:attributes>
        <groundspeak:attribute id="24" inc="1">Wheelchair accessible</groundspeak:attribute>
        <groundspeak:attribute id="28" inc="1">Public restrooms nearby</groundspeak:attribute>
        <groundspeak:attribute id="59" inc="1">Food nearby</groundspeak:attribute>
        <groundspeak:attribute id="27" inc="1">Drinking water nearby</groundspeak:attribute>
        <groundspeak:attribute id="26" inc="1">Public transportation nearby</groundspeak:attribute>
        <groundspeak:attribute id="58" inc="1">Fuel nearby</groundspeak:attribute>
        <groundspeak:attribute id="29" inc="1">Telephone nearby</groundspeak:attribute>
      </groundspeak:attributes>
      <groundspeak:difficulty>1.0</groundspeak:difficulty>
      <groundspeak:terrain>1.0</groundspeak:terrain>
      <groundspeak:country>United States</groundspeak:country>
      <groundspeak:state>Nebraska</groundspeak:state>
      <groundspeak:short_description html="True">&lt;b&gt;03 September 2026, 11:45 - 13:00&lt;/b&gt;</groundspeak:short_description>
      <groundspeak:long_description html="True">&lt;p&gt;A recurring monthly Geocaching Event in Lincoln, open to everyone. Local and out-of-town geocachers are welcome and encouraged to attend.&amp;nbsp;&lt;/p&gt;

&lt;p&gt;Come join starsharon and peteach! and the regular attendees for lunch. We will rotate host duties on the first Thursday of almost every month. We may also throw in a guest host once in a while. This will be a great opportunity to plan a weekend geocaching trip with other attendees, ask for help on those caches that are driving you crazy, trade/share Travel Bugs and/or other trackable items, or just have a nice lunch and trade geocaching stories.&lt;/p&gt;

&lt;p&gt;Location: Stauffer&amp;rsquo;s Caf&amp;eacute;. 5600 South 48th Street. (between Old Cheney and hwy 2 on 48th)&lt;/p&gt;

&lt;p&gt;Time: Thursday, September 3, 2026, 11:45 a.m. to 1:00-ish (CST).&lt;/p&gt;

&lt;p&gt;PLEASE, provide a &amp;ldquo;Will Attend&amp;rdquo; log so we can get a head-count for the caf&amp;eacute;. If we have 9 or more, we will get a private party room....8 or fewer, and we will be at a large table.&lt;/p&gt;

&lt;p&gt;This location has a full menu for those who would like to eat lunch (or breakfast) with us, but no purchase is necessary to attend the event. We hope to see you there.&lt;/p&gt;
</groundspeak:long_description>
      <groundspeak:encoded_hints>
      </groundspeak:encoded_hints>
      <groundspeak:logs>
        <groundspeak:log id="1382471210">
          <groundspeak:date>2026-09-03T20:32:59Z</groundspeak:date>
          <groundspeak:type>Attended</groundspeak:type>
          <groundspeak:finder id="5787200">peteach!</groundspeak:finder>
          <groundspeak:text encoded="False">Nice chat with friends </groundspeak:text>
        </groundspeak:log>
        <groundspeak:log id="1382464430">
          <groundspeak:date>2026-09-03T19:47:15Z</groundspeak:date>
          <groundspeak:type>Attended</groundspeak:type>
          <groundspeak:finder id="1411659">starsharon + Hubbie</groundspeak:finder>
          <groundspeak:text encoded="False">Fun group!!</groundspeak:text>
        </groundspeak:log>
        <groundspeak:log id="1382464428">
          <groundspeak:date>2026-09-03T19:44:43Z</groundspeak:date>
          <groundspeak:type>Attended</groundspeak:type>
          <groundspeak:finder id="1693430">BRE1</groundspeak:finder>
          <groundspeak:text encoded="False">Great food. 7 of us were present. TFTC. </groundspeak:text>
        </groundspeak:log>
        <groundspeak:log id="1382451634">
          <groundspeak:date>2026-09-03T19:00:00Z</groundspeak:date>
          <groundspeak:type>Will Attend</groundspeak:type>
          <groundspeak:finder id="1758387">Pirate Rat</groundspeak:finder>
          <groundspeak:text encoded="False">Works done for the day. I'm hungry. Be there in a few minutes.</groundspeak:text>
        </groundspeak:log>
        <groundspeak:log id="1382458599">
          <groundspeak:date>2026-09-03T19:00:00Z</groundspeak:date>
          <groundspeak:type>Attended</groundspeak:type>
          <groundspeak:finder id="5202283">RBMAN</groundspeak:finder>
          <groundspeak:text encoded="False">I was there!</groundspeak:text>
        </groundspeak:log>
      </groundspeak:logs>
    </groundspeak:cache>
  </wpt>
  <wpt lat="41.259354" lon="-95.970956">
    <time>2026-09-02T14:00:00</time>
    <name>GCBWD23</name>
    <desc>Let's Taco 'Bout Nebraska! by poeanne, Event Cache (1.0/1.0)</desc>
    <url>https://coord.info/GCBWD23</url>
    <urlname>Let's Taco 'Bout Nebraska!</urlname>
    <sym>Geocache</sym>
    <type>Geocache|Event Cache</type>
    <groundspeak:cache id="10564526" archived="False" available="True" xmlns:groundspeak="http://www.groundspeak.com/cache/1/0/1">
      <groundspeak:name>Let's Taco 'Bout Nebraska!</groundspeak:name>
      <groundspeak:placed_by>poeanne</groundspeak:placed_by>
      <groundspeak:owner id="5549208">poeanne</groundspeak:owner>
      <groundspeak:type>Event Cache</groundspeak:type>
      <groundspeak:container>Other</groundspeak:container>
      <groundspeak:attributes>
        <groundspeak:attribute id="24" inc="1">Wheelchair accessible</groundspeak:attribute>
        <groundspeak:attribute id="1" inc="0">Dogs</groundspeak:attribute>
        <groundspeak:attribute id="25" inc="1">Parking nearby</groundspeak:attribute>
        <groundspeak:attribute id="63" inc="1">Recommended for tourists</groundspeak:attribute>
        <groundspeak:attribute id="28" inc="1">Public restrooms nearby</groundspeak:attribute>
        <groundspeak:attribute id="59" inc="1">Food nearby</groundspeak:attribute>
        <groundspeak:attribute id="27" inc="1">Drinking water nearby</groundspeak:attribute>
        <groundspeak:attribute id="26" inc="1">Public transportation nearby</groundspeak:attribute>
      </groundspeak:attributes>
      <groundspeak:difficulty>1.0</groundspeak:difficulty>
      <groundspeak:terrain>1.0</groundspeak:terrain>
      <groundspeak:country>United States</groundspeak:country>
      <groundspeak:state>Nebraska</groundspeak:state>
      <groundspeak:short_description html="True">&lt;b&gt;02 September 2026, 14:00 - 14:30&lt;/b&gt;</groundspeak:short_description>
      <groundspeak:long_description html="True">&lt;p&gt;I will be traveling in the area and am so excited about arriving in Nebraska, I wanted to talk to the locals!  &lt;/p&gt;

&lt;p&gt;Come meet me at this place where we can talk and you can eat a taco (If you choose, note that purchase of food is not required to attend the event).&lt;/p&gt;

&lt;p&gt;Hope to see you there!&lt;/p&gt;
</groundspeak:long_description>
      <groundspeak:encoded_hints>Taco Bell!</groundspeak:encoded_hints>
      <groundspeak:logs>
        <groundspeak:log id="1382363775">
          <groundspeak:date>2026-09-03T03:26:31Z</groundspeak:date>
          <groundspeak:type>Attended</groundspeak:type>
          <groundspeak:finder id="5549208">poeanne</groundspeak:finder>
          <groundspeak:text encoded="False">I adored the conversation at this event and wish I could have stayed for hours. Thanks for showing and I hope to see you again on the trails somewhere! Maybe in Panama in December?? Until next time…</groundspeak:text>
        </groundspeak:log>
        <groundspeak:log id="1382334984">
          <groundspeak:date>2026-09-02T21:01:22Z</groundspeak:date>
          <groundspeak:type>Attended</groundspeak:type>
          <groundspeak:finder id="15777154">kilroy18</groundspeak:finder>
          <groundspeak:text encoded="False">A nice turnout.  Thanks for hosting. </groundspeak:text>
        </groundspeak:log>
        <groundspeak:log id="1382353883">
          <groundspeak:date>2026-09-02T19:00:00Z</groundspeak:date>
          <groundspeak:type>Attended</groundspeak:type>
          <groundspeak:finder id="3878551">TeamDAAK</groundspeak:finder>
          <groundspeak:text encoded="False">Low attendance, but that made the conversation with poeanne and Mr. poeanne all the better. If I could give a fav point for an event, this would get one.</groundspeak:text>
        </groundspeak:log>
        <groundspeak:log id="1383310092">
          <groundspeak:date>2026-09-02T19:00:00Z</groundspeak:date>
          <groundspeak:type>Attended</groundspeak:type>
          <groundspeak:finder id="1253738">Monty12</groundspeak:finder>
          <groundspeak:text encoded="False">Thanks for hosting this fun event.  Loved the conversation.   See u both at Moga!!</groundspeak:text>
        </groundspeak:log>
        <groundspeak:log id="1381017786">
          <groundspeak:date>2026-08-26T19:00:00Z</groundspeak:date>
          <groundspeak:type>Write note</groundspeak:type>
          <groundspeak:finder id="722399">thndrstrck</groundspeak:finder>
          <groundspeak:text encoded="False">I have added this event to my calendar. Making it here depends on my doctor appointment.
*Edit* It ends up that I won't be able to make it to this event due to overlapping schedule.</groundspeak:text>
        </groundspeak:log>
      </groundspeak:logs>
    </groundspeak:cache>
  </wpt>
  <wpt lat="40.814117" lon="-96.6363">
    <time>2026-09-01T17:45:00</time>
    <name>GCBVRTP</name>
    <desc>Diners and Dives #93 by peteach!, Event Cache (1.0/1.0)</desc>
    <url>https://coord.info/GCBVRTP</url>
    <urlname>Diners and Dives #93</urlname>
    <sym>Geocache</sym>
    <type>Geocache|Event Cache</type>
    <groundspeak:cache id="10546038" archived="False" available="True" xmlns:groundspeak="http://www.groundspeak.com/cache/1/0/1">
      <groundspeak:name>Diners and Dives #93</groundspeak:name>
      <groundspeak:placed_by>peteach! and starsharon </groundspeak:placed_by>
      <groundspeak:owner id="5787200">peteach!</groundspeak:owner>
      <groundspeak:type>Event Cache</groundspeak:type>
      <groundspeak:container>Other</groundspeak:container>
      <groundspeak:attributes>
        <groundspeak:attribute id="24" inc="1">Wheelchair accessible</groundspeak:attribute>
        <groundspeak:attribute id="25" inc="1">Parking nearby</groundspeak:attribute>
        <groundspeak:attribute id="59" inc="1">Food nearby</groundspeak:attribute>
        <groundspeak:attribute id="27" inc="1">Drinking water nearby</groundspeak:attribute>
      </groundspeak:attributes>
      <groundspeak:difficulty>1.0</groundspeak:difficulty>
      <groundspeak:terrain>1.0</groundspeak:terrain>
      <groundspeak:country>United States</groundspeak:country>
      <groundspeak:state>Nebraska</groundspeak:state>
      <groundspeak:short_description html="True">&lt;b&gt;01 September 2026, 17:45 - 19:30&lt;/b&gt;</groundspeak:short_description>
      <groundspeak:long_description html="True">&lt;p&gt;Please join starsharon and peteach! for a progressive supper at different Diners &amp;amp; Dives in or near Lincoln and beyond.  We will rotate host duties every month.  &lt;/p&gt;

&lt;h2&gt;Location for Tuesday, September 1st, 2026            Granite City, 6200 O Street, Lincoln, NE&lt;/h2&gt;

&lt;p&gt;5:45 pm to 7:30 pm&lt;/p&gt;

&lt;h2&gt; &lt;/h2&gt;

&lt;p&gt;Please provide a &amp;#39;Will Attend&amp;#39; log so we can get a head count for our selected location of the month.&lt;/p&gt;

&lt;p&gt;Connect with other geocachers to ask for a tip or two on your caches without a &amp;#39;SMILEY&amp;#39;, trade/share travel bugs or just enjoy the company of fellow geocachers.&lt;/p&gt;

&lt;p&gt;No purchase is necessary to attend the event&lt;/p&gt;

&lt;p&gt;We hope to see you there.  A recurring monthly Geocaching Event in Lincoln and occasionally in the surrounding area that is open to everyone. Local and out-of-town geocachers are welcome and encouraged to attend.&lt;/p&gt;

&lt;p&gt; &lt;/p&gt;

&lt;p&gt;&lt;a href="http://nebraskache.com/"&gt;&lt;img height="95" src="https://img.geocaching.com/9102f957-c986-41b5-acdb-a076bd017129.jpg" width="187" /&gt;&lt;/a&gt;&lt;/p&gt;

&lt;p&gt;&lt;a href="http://nebraskache.com/"&gt;Hosted By A Nebraskache Member&lt;/a&gt;&lt;/p&gt;

&lt;p&gt;&lt;a href="https://www.facebook.com/groups/107321656812/"&gt;&lt;img height="58" src="https://s3.amazonaws.com/gs-geo-images/19b6196d-f1d8-431b-9201-f4069d107ada_l.png" width="183" /&gt;&lt;/a&gt;&lt;/p&gt;

&lt;p&gt;As the geocache owner, I ensure that this links to a local geocaching group that is active in the community and contributing to geocaching in positive ways. This link has not been checked by Geocaching HQ or by the reviewer.&lt;/p&gt;
</groundspeak:long_description>
      <groundspeak:encoded_hints>Plenty of parking on the north side of restaurant</groundspeak:encoded_hints>
      <groundspeak:logs>
        <groundspeak:log id="1382218420">
          <groundspeak:date>2026-09-02T04:46:07Z</groundspeak:date>
          <groundspeak:type>Attended</groundspeak:type>
          <groundspeak:finder id="2933486">surprisene</groundspeak:finder>
          <groundspeak:text encoded="False">Thanks for a fun time </groundspeak:text>
        </groundspeak:log>
        <groundspeak:log id="1382215450">
          <groundspeak:date>2026-09-02T03:01:23Z</groundspeak:date>
          <groundspeak:type>Attended</groundspeak:type>
          <groundspeak:finder id="5787200">peteach!</groundspeak:finder>
          <groundspeak:text encoded="False">Great crowd!
Thanks for coming!!</groundspeak:text>
        </groundspeak:log>
        <groundspeak:log id="1382213581">
          <groundspeak:date>2026-09-02T02:01:57Z</groundspeak:date>
          <groundspeak:type>Attended</groundspeak:type>
          <groundspeak:finder id="1411659">starsharon + Hubbie</groundspeak:finder>
          <groundspeak:text encoded="False">Fun time with friends.  Good food.</groundspeak:text>
        </groundspeak:log>
        <groundspeak:log id="1382213486">
          <groundspeak:date>2026-09-02T01:58:00Z</groundspeak:date>
          <groundspeak:type>Attended</groundspeak:type>
          <groundspeak:finder id="815525">kc0aoo</groundspeak:finder>
          <groundspeak:text encoded="False">Great food. Great conversation. Thanks for hosting </groundspeak:text>
        </groundspeak:log>
        <groundspeak:log id="1382212177">
          <groundspeak:date>2026-09-02T01:18:37Z</groundspeak:date>
          <groundspeak:type>Attended</groundspeak:type>
          <groundspeak:finder id="28905599">Shelbyyy919</groundspeak:finder>
          <groundspeak:text encoded="False">Yum </groundspeak:text>
        </groundspeak:log>
      </groundspeak:logs>
    </groundspeak:cache>
  </wpt>
</gpx>